ATALAIA DO NORTE,2012,5258
BARCELOS,2022,18399
BARREIRINHA,2022,20000
BOA VISTA DO RAMOS,2022,12106
BORBA,2022,30805
CAAPIRANGA,2022,8000
CAREIRO,2022,26544
COARI,2022,11246
HUMAITA,2022,57195
IRANDUBA,2022,35610
ITACOATIARA,2022,60856
MANACAPURU,2022,92000
MANAUS,2022,2053105
MAUES,2022,30249
NHAMUNDA,2021,12000
NOVO AIRAO,2022,15761
NOVO ARIPUANA,2022,23818
PARINTINS,2022,96000
PRESIDENTE FIGUEIREDO,2022,17000
RIO PRETO DA EVA,2022,21542
SAO GABRIEL DA CACHOEIRA,2022,26106
SAO SEBASTIAO DO UATUMA,2022,6451
TEFE,2022,60154
UARINI,2022,14000
