ANORI,AMBIENTE E SAUDE,SAUDE BUCAL,35
SANTO ANTONIO DO ICA,AMBIENTE E SAUDE,SAUDE BUCAL,39
APUI,AMBIENTE E SAUDE,ENFERMAGEM,45
HUMAITA,AMBIENTE E SAUDE,VIGILANCIA EM SAUDE,41
ENVIRA,AMBIENTE E SAUDE,ENFERMAGEM,113
SANTA ISABEL DO RIO NEGRO,RECURSOS NATURAIS,OUTROS  EIXO RECURSOS NATURAIS,21
MANAUS,GESTAO E NEGOCIOS,QUALIDADE,334
URUCURITUBA,INFORMACAO E COMUNICACAO,INFORMATICA PARA INTERNET,48
BARREIRINHA,AMBIENTE E SAUDE,ENFERMAGEM,62
MANAUS,AMBIENTE E SAUDE,OUTROS  EIXO AMBIENTE E SAUDE,166
SAO SEBASTIAO DO UATUMA,GESTAO E NEGOCIOS,SERVICOS JURIDICOS,38
BOA VISTA DO RAMOS,TURISMO HOSPITALIDADE E LAZER,GASTRONOMIA,42
CODAJAS,GESTAO E NEGOCIOS,RECURSOS HUMANOS,42
ALVARAES,DESENVOLVIMENTO EDUCACIONAL E SOCIAL,TRADUCAO E INTERPRETACAO DE LIBRAS,19
SILVES,CONTROLE E PROCESSOS INDUSTRIAIS,ELETROTECNICA,26
UARINI,AMBIENTE E SAUDE,VIGILANCIA EM SAUDE,45
SAO GABRIEL DA CACHOEIRA,GESTAO E NEGOCIOS,ADMINISTRACAO,199
CAAPIRANGA,INFORMACAO E COMUNICACAO,INFORMATICA,32
SANTO ANTONIO DO ICA,AMBIENTE E SAUDE,ENFERMAGEM,30
EIRUNEPE,RECURSOS NATURAIS,AGRICULTURA,28
NOVA OLINDA DO NORTE,AMBIENTE E SAUDE,ESTETICA,41
MANAUS,AMBIENTE E SAUDE,FARMACIA,109
SAO GABRIEL DA CACHOEIRA,DESENVOLVIMENTO EDUCACIONAL E SOCIAL,SECRETARIA ESCOLAR,75
CAREIRO,GESTAO E NEGOCIOS,ADMINISTRACAO,54
TABATINGA,GESTAO E NEGOCIOS,ADMINISTRACAO,165
LABREA,RECURSOS NATURAIS,FLORESTAS,40
ITAMARATI,AMBIENTE E SAUDE,ENFERMAGEM,86
LABREA,INFORMACAO E COMUNICACAO,INFORMATICA,149
COARI,AMBIENTE E SAUDE,NUTRICAO E DIETETICA,45
ANORI,AMBIENTE E SAUDE,ESTETICA,44
MANACAPURU,CONTROLE E PROCESSOS INDUSTRIAIS,REFRIGERACAO E CLIMATIZACAO,32
MANAUS,PRODUCAO CULTURAL E DESIGN,PAISAGISMO,104
ITACOATIARA,RECURSOS NATURAIS,AGROPECUARIA,93
ATALAIA DO NORTE,INFORMACAO E COMUNICACAO,MANUTENCAO E SUPORTE EM INFORMATICA,24
TABATINGA,RECURSOS NATURAIS,AGROPECUARIA,85
JAPURA,CONTROLE E PROCESSOS INDUSTRIAIS,ELETROTECNICA,41
COARI,AMBIENTE E SAUDE,ANALISES CLINICAS,52
MANACAPURU,AMBIENTE E SAUDE,ANALISES CLINICAS,27
IPIXUNA,AMBIENTE E SAUDE,AGENTE COMUNITARIO DE SAUDE,35
SILVES,RECURSOS NATURAIS,FLORESTAS,34
MANAUS,TURISMO HOSPITALIDADE E LAZER,GASTRONOMIA,105
MAUES,CONTROLE E PROCESSOS INDUSTRIAIS,MECANICA,44
FONTE BOA,AMBIENTE E SAUDE,ESTETICA,47
IPIXUNA,GESTAO E NEGOCIOS,SERVICOS JURIDICOS,18
SAO PAULO DE OLIVENCA,SEGURANCA,SEGURANCA DO TRABALHO,29
MANACAPURU,GESTAO E NEGOCIOS,SERVICOS JURIDICOS,37
ENVIRA,AMBIENTE E SAUDE,ESTETICA,31
MANACAPURU,INFORMACAO E COMUNICACAO,INFORMATICA PARA INTERNET,36
BENJAMIN CONSTANT,SEGURANCA,SEGURANCA DO TRABALHO,43
PARINTINS,AMBIENTE E SAUDE,MEIO AMBIENTE,81
GUAJARA,AMBIENTE E SAUDE,MASSOTERAPIA,44
CAREIRO,SEGURANCA,SEGURANCA DO TRABALHO,40
MAUES,INFORMACAO E COMUNICACAO,INFORMATICA,156
MANAUS,AMBIENTE E SAUDE,MEIO AMBIENTE,120
ALVARAES,AMBIENTE E SAUDE,VIGILANCIA EM SAUDE,17
SAO PAULO DE OLIVENCA,AMBIENTE E SAUDE,VIGILANCIA EM SAUDE,25
PRESIDENTE FIGUEIREDO,AMBIENTE E SAUDE,ENFERMAGEM,142
MANAUS,SEGURANCA,OUTROS  EIXO SEGURANCA,232
BENJAMIN CONSTANT,AMBIENTE E SAUDE,ENFERMAGEM,90
ENVIRA,GESTAO E NEGOCIOS,RECURSOS HUMANOS,54
NHAMUNDA,GESTAO E NEGOCIOS,RECURSOS HUMANOS,42
TEFE,AMBIENTE E SAUDE,FARMACIA,34
MAUES,AMBIENTE E SAUDE,MEIO AMBIENTE,23
MANICORE,AMBIENTE E SAUDE,FARMACIA,47
SAO SEBASTIAO DO UATUMA,CONTROLE E PROCESSOS INDUSTRIAIS,MECANICA,45
UARINI,RECURSOS NATURAIS,AGRICULTURA,38
PARINTINS,PRODUCAO INDUSTRIAL,PETROLEO E GAS,39
BARCELOS,TURISMO HOSPITALIDADE E LAZER,GUIA DE TURISMO,23
ANAMA,CONTROLE E PROCESSOS INDUSTRIAIS,ELETROTECNICA,42
MAUES,AMBIENTE E SAUDE,ENFERMAGEM,49
NOVA OLINDA DO NORTE,SEGURANCA,SEGURANCA DO TRABALHO,45
URUCARA,AMBIENTE E SAUDE,FARMACIA,43
BOA VISTA DO RAMOS,AMBIENTE E SAUDE,ENFERMAGEM,46
PARINTINS,AMBIENTE E SAUDE,ESTETICA,40
TONANTINS,CONTROLE E PROCESSOS INDUSTRIAIS,REFRIGERACAO E CLIMATIZACAO,41
BORBA,RECURSOS NATURAIS,AGROPECUARIA,48
BERURI,AMBIENTE E SAUDE,AGENTE COMUNITARIO DE SAUDE,40
FONTE BOA,INFORMACAO E COMUNICACAO,REDES DE COMPUTADORES,34
CODAJAS,AMBIENTE E SAUDE,ENFERMAGEM,46
CARAUARI,INFRAESTRUTURA,AGRIMENSURA,25
MARAA,AMBIENTE E SAUDE,ESTETICA,46
URUCARA,AMBIENTE E SAUDE,AGENTE COMUNITARIO DE SAUDE,44
ITACOATIARA,INFORMACAO E COMUNICACAO,MANUTENCAO E SUPORTE EM INFORMATICA,178
CAREIRO,CONTROLE E PROCESSOS INDUSTRIAIS,ELETROTECNICA,56
MANAUS,AMBIENTE E SAUDE,ENFERMAGEM,5199
MANAUS,CONTROLE E PROCESSOS INDUSTRIAIS,ELETRONICA,742
CAREIRO,AMBIENTE E SAUDE,ENFERMAGEM,94
COARI,GESTAO E NEGOCIOS,ADMINISTRACAO,186
TABATINGA,INFORMACAO E COMUNICACAO,INFORMATICA,130
MAUES,GESTAO E NEGOCIOS,ADMINISTRACAO,218
BOCA DO ACRE,GESTAO E NEGOCIOS,RECURSOS HUMANOS,35
TABATINGA,AMBIENTE E SAUDE,ENFERMAGEM,31
LABREA,CONTROLE E PROCESSOS INDUSTRIAIS,ELETRONICA,38
CANUTAMA,AMBIENTE E SAUDE,ANALISES CLINICAS,37
UARINI,AMBIENTE E SAUDE,ESTETICA,39
NHAMUNDA,RECURSOS NATURAIS,AGRICULTURA,43
NOVO ARIPUANA,AMBIENTE E SAUDE,MASSOTERAPIA,44
SANTA ISABEL DO RIO NEGRO,RECURSOS NATURAIS,AGRICULTURA,36
BORBA,AMBIENTE E SAUDE,NUTRICAO E DIETETICA,62
SAO GABRIEL DA CACHOEIRA,TURISMO HOSPITALIDADE E LAZER,GUIA DE TURISMO,23
HUMAITA,RECURSOS NATURAIS,AGROPECUARIA,87
COARI,SEGURANCA,SEGURANCA DO TRABALHO,27
BORBA,AMBIENTE E SAUDE,ANALISES CLINICAS,51
JURUA,PRODUCAO INDUSTRIAL,PETROLEO E GAS,40
HUMAITA,INFORMACAO E COMUNICACAO,INFORMATICA PARA INTERNET,13
NHAMUNDA,GESTAO E NEGOCIOS,FINANCAS,39
IPIXUNA,AMBIENTE E SAUDE,ENFERMAGEM,44
JURUA,AMBIENTE E SAUDE,ANALISES CLINICAS,37
BARCELOS,TURISMO HOSPITALIDADE E LAZER,GASTRONOMIA,45
SANTA ISABEL DO RIO NEGRO,GESTAO E NEGOCIOS,RECURSOS HUMANOS,47
MANAQUIRI,CONTROLE E PROCESSOS INDUSTRIAIS,ELETROTECNICA,44
ATALAIA DO NORTE,GESTAO E NEGOCIOS,RECURSOS HUMANOS,18
EIRUNEPE,RECURSOS NATURAIS,AGROECOLOGIA,38
MANACAPURU,GESTAO E NEGOCIOS,ADMINISTRACAO,114
BERURI,CONTROLE E PROCESSOS INDUSTRIAIS,REFRIGERACAO E CLIMATIZACAO,33
TONANTINS,AMBIENTE E SAUDE,AGENTE COMUNITARIO DE SAUDE,40
BORBA,INFRAESTRUTURA,EDIFICACOES,45
JUTAI,AMBIENTE E SAUDE,MASSOTERAPIA,45
PRESIDENTE FIGUEIREDO,PRODUCAO INDUSTRIAL,PETROLEO E GAS,41
AUTAZES,RECURSOS NATURAIS,AGRICULTURA,32
MANAUS,PRODUCAO CULTURAL E DESIGN,MULTIMIDIA,87
JAPURA,AMBIENTE E SAUDE,ESTETICA,41
BENJAMIN CONSTANT,DESENVOLVIMENTO EDUCACIONAL E SOCIAL,TRADUCAO E INTERPRETACAO DE LIBRAS,38
MANAUS,AMBIENTE E SAUDE,PODOLOGIA,176
TAPAUA,AMBIENTE E SAUDE,ENFERMAGEM,129
MANAUS,INFORMACAO E COMUNICACAO,COMPUTACAO GRAFICA,47
NOVO AIRAO,AMBIENTE E SAUDE,ENFERMAGEM,85
TEFE,DESENVOLVIMENTO EDUCACIONAL E SOCIAL,DESENVOLVIMENTO COMUNITARIO,34
ITAPIRANGA,GESTAO E NEGOCIOS,SERVICOS PUBLICOS,50
TABATINGA,AMBIENTE E SAUDE,PODOLOGIA,37
MANACAPURU,GESTAO E NEGOCIOS,SECRETARIADO,3
SAO PAULO DE OLIVENCA,GESTAO E NEGOCIOS,SERVICOS JURIDICOS,44
MANACAPURU,GESTAO E NEGOCIOS,VENDAS,20
EIRUNEPE,AMBIENTE E SAUDE,VIGILANCIA EM SAUDE,34
ITACOATIARA,CONTROLE E PROCESSOS INDUSTRIAIS,REFRIGERACAO E CLIMATIZACAO,40
URUCURITUBA,AMBIENTE E SAUDE,AGENTE COMUNITARIO DE SAUDE,53
PARINTINS,RECURSOS NATURAIS,AGROPECUARIA,159
ITACOATIARA,GESTAO E NEGOCIOS,SECRETARIADO,29
SANTA ISABEL DO RIO NEGRO,INFORMACAO E COMUNICACAO,INFORMATICA,43
CANUTAMA,AMBIENTE E SAUDE,ENFERMAGEM,51
MANACAPURU,INFORMACAO E COMUNICACAO,INFORMATICA,82
TEFE,GESTAO E NEGOCIOS,VENDAS,58
CODAJAS,AMBIENTE E SAUDE,VIGILANCIA EM SAUDE,37
CAREIRO DA VARZEA,AMBIENTE E SAUDE,VIGILANCIA EM SAUDE,37
JURUA,INFORMACAO E COMUNICACAO,INFORMATICA,37
ITAMARATI,CONTROLE E PROCESSOS INDUSTRIAIS,ELETROTECNICA,49
MANAUS,INFORMACAO E COMUNICACAO,MANUTENCAO E SUPORTE EM INFORMATICA,163
TABATINGA,GESTAO E NEGOCIOS,RECURSOS HUMANOS,43
ITAMARATI,RECURSOS NATURAIS,AGRICULTURA,42
EIRUNEPE,GESTAO E NEGOCIOS,ADMINISTRACAO,204
AMATURA,RECURSOS NATURAIS,AGRICULTURA,36
TEFE,CONTROLE E PROCESSOS INDUSTRIAIS,MECANICA,45
TEFE,GESTAO E NEGOCIOS,ADMINISTRACAO,100
PARINTINS,GESTAO E NEGOCIOS,RECURSOS HUMANOS,29
ITAPIRANGA,AMBIENTE E SAUDE,ESTETICA,53
ANORI,AMBIENTE E SAUDE,AGENTE COMUNITARIO DE SAUDE,10
NOVA OLINDA DO NORTE,GESTAO E NEGOCIOS,SERVICOS PUBLICOS,43
ITACOATIARA,GESTAO E NEGOCIOS,SERVICOS JURIDICOS,39
CARAUARI,AMBIENTE E SAUDE,AGENTE COMUNITARIO DE SAUDE,42
MAUES,RECURSOS NATURAIS,AGROPECUARIA,122
ENVIRA,INFORMACAO E COMUNICACAO,INFORMATICA,51
MANICORE,CONTROLE E PROCESSOS INDUSTRIAIS,MECANICA,52
IRANDUBA,GESTAO E NEGOCIOS,ADMINISTRACAO,120
HUMAITA,INFORMACAO E COMUNICACAO,INFORMATICA,95
MANAUS,PRODUCAO INDUSTRIAL,QUIMICA,305
PRESIDENTE FIGUEIREDO,CONTROLE E PROCESSOS INDUSTRIAIS,ELETROTECNICA,4
FONTE BOA,AMBIENTE E SAUDE,NUTRICAO E DIETETICA,44
MANAUS,INFORMACAO E COMUNICACAO,INFORMATICA,1497
MARAA,CONTROLE E PROCESSOS INDUSTRIAIS,ELETROTECNICA,45
FONTE BOA,CONTROLE E PROCESSOS INDUSTRIAIS,ELETRONICA,30
BOA VISTA DO RAMOS,AMBIENTE E SAUDE,SAUDE BUCAL,45
BARREIRINHA,RECURSOS NATURAIS,ZOOTECNIA,36
AUTAZES,SEGURANCA,SEGURANCA DO TRABALHO,50
CAREIRO DA VARZEA,AMBIENTE E SAUDE,ENFERMAGEM,68
COARI,INFORMACAO E COMUNICACAO,MANUTENCAO E SUPORTE EM INFORMATICA,176
FONTE BOA,RECURSOS NATURAIS,RECURSOS PESQUEIROS,46
MANAUS,SEGURANCA,SEGURANCA DO TRABALHO,437
ITACOATIARA,AMBIENTE E SAUDE,ENFERMAGEM,47
NHAMUNDA,AMBIENTE E SAUDE,ENFERMAGEM,53
CANUTAMA,GESTAO E NEGOCIOS,RECURSOS HUMANOS,33
MANICORE,AMBIENTE E SAUDE,MASSOTERAPIA,41
PAUINI,DESENVOLVIMENTO EDUCACIONAL E SOCIAL,TRADUCAO E INTERPRETACAO DE LIBRAS,20
ALVARAES,RECURSOS NATURAIS,FLORESTAS,36
SILVES,AMBIENTE E SAUDE,ENFERMAGEM,37
BARREIRINHA,GESTAO E NEGOCIOS,FINANCAS,34
BERURI,CONTROLE E PROCESSOS INDUSTRIAIS,ELETROTECNICA,42
UARINI,GESTAO E NEGOCIOS,ADMINISTRACAO,39
PARINTINS,CONTROLE E PROCESSOS INDUSTRIAIS,ELETROTECNICA,40
MANAUS,GESTAO E NEGOCIOS,MARKETING,101
ANAMA,AMBIENTE E SAUDE,ENFERMAGEM,45
MANAUS,GESTAO E NEGOCIOS,ADMINISTRACAO,779
MANAUS,RECURSOS NATURAIS,AGROECOLOGIA,109
MANACAPURU,INFORMACAO E COMUNICACAO,PROGRAMACAO DE JOGOS DIGITAIS,35
TEFE,RECURSOS NATURAIS,AGROPECUARIA,104
COARI,CONTROLE E PROCESSOS INDUSTRIAIS,MECANICA,49
SAO PAULO DE OLIVENCA,CONTROLE E PROCESSOS INDUSTRIAIS,MECANICA,36
ITACOATIARA,AMBIENTE E SAUDE,NUTRICAO E DIETETICA,44
LABREA,GESTAO E NEGOCIOS,ADMINISTRACAO,126
COARI,AMBIENTE E SAUDE,MASSOTERAPIA,38
SANTA ISABEL DO RIO NEGRO,AMBIENTE E SAUDE,ENFERMAGEM,44
URUCURITUBA,AMBIENTE E SAUDE,ENFERMAGEM,54
AUTAZES,CONTROLE E PROCESSOS INDUSTRIAIS,MECANICA,30
BOCA DO ACRE,INFORMACAO E COMUNICACAO,INFORMATICA,64
MANAUS,AMBIENTE E SAUDE,ANALISES CLINICAS,150
MANAUS,RECURSOS NATURAIS,AGROPECUARIA,366
ANAMA,AMBIENTE E SAUDE,ESTETICA,36
ATALAIA DO NORTE,AMBIENTE E SAUDE,AGENTE COMUNITARIO DE SAUDE,46
MANAUS,CONTROLE E PROCESSOS INDUSTRIAIS,ELETROTECNICA,957
NOVO AIRAO,GESTAO E NEGOCIOS,RECURSOS HUMANOS,32
COARI,AMBIENTE E SAUDE,ENFERMAGEM,55
ANORI,CONTROLE E PROCESSOS INDUSTRIAIS,REFRIGERACAO E CLIMATIZACAO,34
BOCA DO ACRE,GESTAO E NEGOCIOS,FINANCAS,39
BOCA DO ACRE,AMBIENTE E SAUDE,ENFERMAGEM,105
PARINTINS,AMBIENTE E SAUDE,NUTRICAO E DIETETICA,28
PARINTINS,GESTAO E NEGOCIOS,ADMINISTRACAO,352
IPIXUNA,AMBIENTE E SAUDE,MEIO AMBIENTE,37
PARINTINS,TURISMO HOSPITALIDADE E LAZER,GASTRONOMIA,33
ALVARAES,CONTROLE E PROCESSOS INDUSTRIAIS,ELETRONICA,25
MANAUS,DESENVOLVIMENTO EDUCACIONAL E SOCIAL,TRADUCAO E INTERPRETACAO DE LIBRAS,63
ITACOATIARA,INFRAESTRUTURA,GEOPROCESSAMENTO,35
MANAUS,AMBIENTE E SAUDE,MASSOTERAPIA,195
MANAUS,GESTAO E NEGOCIOS,SERVICOS JURIDICOS,50
COARI,RECURSOS NATURAIS,AGROPECUARIA,96
MANAUS,INFORMACAO E COMUNICACAO,INFORMATICA PARA INTERNET,116
HUMAITA,INFORMACAO E COMUNICACAO,MANUTENCAO E SUPORTE EM INFORMATICA,50
TEFE,GESTAO E NEGOCIOS,RECURSOS HUMANOS,47
ITACOATIARA,GESTAO E NEGOCIOS,RECURSOS HUMANOS,43
TEFE,TURISMO HOSPITALIDADE E LAZER,GASTRONOMIA,35
JUTAI,AMBIENTE E SAUDE,SAUDE BUCAL,41
EIRUNEPE,GESTAO E NEGOCIOS,RECURSOS HUMANOS,27
ENVIRA,AMBIENTE E SAUDE,MEIO AMBIENTE,59
LABREA,GESTAO E NEGOCIOS,SECRETARIADO,25
BERURI,AMBIENTE E SAUDE,NUTRICAO E DIETETICA,40
SANTO ANTONIO DO ICA,CONTROLE E PROCESSOS INDUSTRIAIS,REFRIGERACAO E CLIMATIZACAO,40
MANAUS,INFORMACAO E COMUNICACAO,DESENVOLVIMENTO DE SISTEMAS,37
BARCELOS,DESENVOLVIMENTO EDUCACIONAL E SOCIAL,TRADUCAO E INTERPRETACAO DE LIBRAS,39
TABATINGA,AMBIENTE E SAUDE,AGENTE COMUNITARIO DE SAUDE,45
ENVIRA,RECURSOS NATURAIS,AGRICULTURA,56
SAO SEBASTIAO DO UATUMA,PRODUCAO INDUSTRIAL,PETROLEO E GAS,34
COARI,GESTAO E NEGOCIOS,LOGISTICA,38
NOVO AIRAO,AMBIENTE E SAUDE,ESTETICA,35
ATALAIA DO NORTE,GESTAO E NEGOCIOS,FINANCAS,41
CAAPIRANGA,AMBIENTE E SAUDE,ESTETICA,33
CARAUARI,AMBIENTE E SAUDE,ENFERMAGEM,39
ITAMARATI,GESTAO E NEGOCIOS,SERVICOS JURIDICOS,48
HUMAITA,INFRAESTRUTURA,EDIFICACOES,38
CANUTAMA,GESTAO E NEGOCIOS,ADMINISTRACAO,36
APUI,AMBIENTE E SAUDE,VIGILANCIA EM SAUDE,16
RIO PRETO DA EVA,AMBIENTE E SAUDE,FARMACIA,42
ENVIRA,INFRAESTRUTURA,EDIFICACOES,49
TONANTINS,AMBIENTE E SAUDE,MEIO AMBIENTE,36
IRANDUBA,RECURSOS NATURAIS,AGRICULTURA,24
ANORI,CONTROLE E PROCESSOS INDUSTRIAIS,ELETROTECNICA,36
PARINTINS,GESTAO E NEGOCIOS,SERVICOS JURIDICOS,37
PAUINI,AMBIENTE E SAUDE,ESTETICA,37
MAUES,CONTROLE E PROCESSOS INDUSTRIAIS,REFRIGERACAO E CLIMATIZACAO,31
PRESIDENTE FIGUEIREDO,AMBIENTE E SAUDE,VIGILANCIA EM SAUDE,50
PRESIDENTE FIGUEIREDO,CONTROLE E PROCESSOS INDUSTRIAIS,ELETROMECANICA,149
COARI,CONTROLE E PROCESSOS INDUSTRIAIS,REFRIGERACAO E CLIMATIZACAO,42
IRANDUBA,AMBIENTE E SAUDE,ESTETICA,36
AUTAZES,AMBIENTE E SAUDE,ENFERMAGEM,53
MARAA,AMBIENTE E SAUDE,ENFERMAGEM,59
ENVIRA,AMBIENTE E SAUDE,VIGILANCIA EM SAUDE,48
NOVO ARIPUANA,GESTAO E NEGOCIOS,ADMINISTRACAO,45
UARINI,AMBIENTE E SAUDE,ENFERMAGEM,85
BERURI,AMBIENTE E SAUDE,ENFERMAGEM,68
CARAUARI,CONTROLE E PROCESSOS INDUSTRIAIS,REFRIGERACAO E CLIMATIZACAO,38
MANAUS,RECURSOS NATURAIS,FLORESTAS,80
EIRUNEPE,RECURSOS NATURAIS,AGROPECUARIA,85
TONANTINS,RECURSOS NATURAIS,AGRICULTURA,28
LABREA,AMBIENTE E SAUDE,FARMACIA,45
MAUES,AMBIENTE E SAUDE,FARMACIA,48
MANACAPURU,SEGURANCA,SEGURANCA DO TRABALHO,46
SAO SEBASTIAO DO UATUMA,AMBIENTE E SAUDE,ENFERMAGEM,51
NOVO ARIPUANA,AMBIENTE E SAUDE,SAUDE BUCAL,47
ITACOATIARA,INFORMACAO E COMUNICACAO,INFORMATICA,29
GUAJARA,CONTROLE E PROCESSOS INDUSTRIAIS,REFRIGERACAO E CLIMATIZACAO,34
EIRUNEPE,INFORMACAO E COMUNICACAO,INFORMATICA,101
MANAUS,CONTROLE E PROCESSOS INDUSTRIAIS,MECANICA,587
BARREIRINHA,AMBIENTE E SAUDE,AGENTE COMUNITARIO DE SAUDE,34
MANAUS,AMBIENTE E SAUDE,SAUDE BUCAL,141
TONANTINS,AMBIENTE E SAUDE,ENFERMAGEM,44
SAO GABRIEL DA CACHOEIRA,RECURSOS NATURAIS,AGROPECUARIA,66
BOA VISTA DO RAMOS,RECURSOS NATURAIS,RECURSOS PESQUEIROS,39
SAO GABRIEL DA CACHOEIRA,RECURSOS NATURAIS,AGROECOLOGIA,26
JUTAI,AMBIENTE E SAUDE,ENFERMAGEM,44
TAPAUA,AMBIENTE E SAUDE,SAUDE BUCAL,28
MAUES,AMBIENTE E SAUDE,NUTRICAO E DIETETICA,37
HUMAITA,AMBIENTE E SAUDE,ANALISES CLINICAS,45
MANAUS,RECURSOS NATURAIS,AQUICULTURA,35
SAO PAULO DE OLIVENCA,INFRAESTRUTURA,EDIFICACOES,28
SANTA ISABEL DO RIO NEGRO,GESTAO E NEGOCIOS,ADMINISTRACAO,43
TEFE,INFORMACAO E COMUNICACAO,INFORMATICA,121
SANTA ISABEL DO RIO NEGRO,AMBIENTE E SAUDE,VIGILANCIA EM SAUDE,46
PAUINI,CONTROLE E PROCESSOS INDUSTRIAIS,ELETROTECNICA,42
BARREIRINHA,GESTAO E NEGOCIOS,ADMINISTRACAO,30
SAO GABRIEL DA CACHOEIRA,AMBIENTE E SAUDE,ENFERMAGEM,74
LABREA,DESENVOLVIMENTO EDUCACIONAL E SOCIAL,TRADUCAO E INTERPRETACAO DE LIBRAS,30
CARAUARI,DESENVOLVIMENTO EDUCACIONAL E SOCIAL,TRADUCAO E INTERPRETACAO DE LIBRAS,37
TEFE,INFORMACAO E COMUNICACAO,MANUTENCAO E SUPORTE EM INFORMATICA,44
MARAA,DESENVOLVIMENTO EDUCACIONAL E SOCIAL,TRADUCAO E INTERPRETACAO DE LIBRAS,39
ATALAIA DO NORTE,RECURSOS NATURAIS,AGRICULTURA,30
NOVO ARIPUANA,AMBIENTE E SAUDE,ENFERMAGEM,51
TAPAUA,RECURSOS NATURAIS,RECURSOS PESQUEIROS,32
HUMAITA,CONTROLE E PROCESSOS INDUSTRIAIS,ELETROTECNICA,41
MANAUS,AMBIENTE E SAUDE,NUTRICAO E DIETETICA,159
BERURI,INFORMACAO E COMUNICACAO,INFORMATICA,42
IRANDUBA,AMBIENTE E SAUDE,ENFERMAGEM,31
AUTAZES,RECURSOS NATURAIS,MINERACAO,50
ITAPIRANGA,INFORMACAO E COMUNICACAO,REDES DE COMPUTADORES,50
APUI,GESTAO E NEGOCIOS,ADMINISTRACAO,45
SAO GABRIEL DA CACHOEIRA,AMBIENTE E SAUDE,ANALISES CLINICAS,34
URUCURITUBA,AMBIENTE E SAUDE,VIGILANCIA EM SAUDE,53
ENVIRA,CONTROLE E PROCESSOS INDUSTRIAIS,REFRIGERACAO E CLIMATIZACAO,35
MAUES,DESENVOLVIMENTO EDUCACIONAL E SOCIAL,TRADUCAO E INTERPRETACAO DE LIBRAS,33
TEFE,AMBIENTE E SAUDE,ANALISES CLINICAS,33
ITACOATIARA,GESTAO E NEGOCIOS,ADMINISTRACAO,243
IRANDUBA,AMBIENTE E SAUDE,PODOLOGIA,28
CODAJAS,AMBIENTE E SAUDE,MASSOTERAPIA,38
NOVA OLINDA DO NORTE,INFRAESTRUTURA,EDIFICACOES,18
BERURI,AMBIENTE E SAUDE,FARMACIA,40
MANAUS,CONTROLE E PROCESSOS INDUSTRIAIS,ELETROELETRONICA,27
JUTAI,CONTROLE E PROCESSOS INDUSTRIAIS,MECANICA,43
IPIXUNA,INFORMACAO E COMUNICACAO,MANUTENCAO E SUPORTE EM INFORMATICA,30
BENJAMIN CONSTANT,TURISMO HOSPITALIDADE E LAZER,GASTRONOMIA,35
LABREA,AMBIENTE E SAUDE,ENFERMAGEM,41
MANAUS,CONTROLE E PROCESSOS INDUSTRIAIS,REFRIGERACAO E CLIMATIZACAO,79
RIO PRETO DA EVA,DESENVOLVIMENTO EDUCACIONAL E SOCIAL,TRADUCAO E INTERPRETACAO DE LIBRAS,34
LABREA,RECURSOS NATURAIS,AGROPECUARIA,104
BENJAMIN CONSTANT,AMBIENTE E SAUDE,ESTETICA,36
BENJAMIN CONSTANT,INFRAESTRUTURA,GEOPROCESSAMENTO,30
MANAUS,INFORMACAO E COMUNICACAO,REDES DE COMPUTADORES,280
ATALAIA DO NORTE,AMBIENTE E SAUDE,ENFERMAGEM,66
TONANTINS,GESTAO E NEGOCIOS,SERVICOS JURIDICOS,36
MANAQUIRI,AMBIENTE E SAUDE,ENFERMAGEM,28
EIRUNEPE,INFORMACAO E COMUNICACAO,MANUTENCAO E SUPORTE EM INFORMATICA,40
TONANTINS,GESTAO E NEGOCIOS,ADMINISTRACAO,43
MAUES,PRODUCAO CULTURAL E DESIGN,MULTIMIDIA,19
TABATINGA,AMBIENTE E SAUDE,SAUDE BUCAL,27
SILVES,PRODUCAO INDUSTRIAL,PETROLEO E GAS,67
LABREA,AMBIENTE E SAUDE,ANALISES CLINICAS,42
BENJAMIN CONSTANT,GESTAO E NEGOCIOS,SERVICOS PUBLICOS,35
BENJAMIN CONSTANT,INFORMACAO E COMUNICACAO,MANUTENCAO E SUPORTE EM INFORMATICA,39
MANAUS,TURISMO HOSPITALIDADE E LAZER,GUIA DE TURISMO,191
CAAPIRANGA,AMBIENTE E SAUDE,ENFERMAGEM,35
ITAPIRANGA,AMBIENTE E SAUDE,ENFERMAGEM,55
IRANDUBA,GESTAO E NEGOCIOS,SECRETARIADO,40
NOVO AIRAO,GESTAO E NEGOCIOS,SERVICOS PUBLICOS,36
PRESIDENTE FIGUEIREDO,INFORMACAO E COMUNICACAO,DESENVOLVIMENTO DE SISTEMAS,98
MANAUS,INFRAESTRUTURA,EDIFICACOES,358
MANAUS,GESTAO E NEGOCIOS,TRANSACOES IMOBILIARIAS,38
GUAJARA,CONTROLE E PROCESSOS INDUSTRIAIS,ELETROTECNICA,36
BOCA DO ACRE,GESTAO E NEGOCIOS,ADMINISTRACAO,79
TEFE,RECURSOS NATURAIS,RECURSOS PESQUEIROS,36
JURUA,AMBIENTE E SAUDE,ENFERMAGEM,25
MANAQUIRI,INFORMACAO E COMUNICACAO,INFORMATICA,19
ANORI,AMBIENTE E SAUDE,ENFERMAGEM,45
BARCELOS,GESTAO E NEGOCIOS,ADMINISTRACAO,40
MANACAPURU,RECURSOS NATURAIS,RECURSOS PESQUEIROS,29
UARINI,AMBIENTE E SAUDE,NUTRICAO E DIETETICA,32
NOVA OLINDA DO NORTE,GESTAO E NEGOCIOS,LOGISTICA,42
URUCARA,CONTROLE E PROCESSOS INDUSTRIAIS,MECANICA,43
URUCURITUBA,GESTAO E NEGOCIOS,SERVICOS JURIDICOS,46
SILVES,SEGURANCA,SEGURANCA DO TRABALHO,33
HUMAITA,INFRAESTRUTURA,AGRIMENSURA,42
FONTE BOA,GESTAO E NEGOCIOS,ADMINISTRACAO,47
ITAPIRANGA,CONTROLE E PROCESSOS INDUSTRIAIS,OUTROS  EIXO CONTROLE E PROCESSOS INDUSTRIAIS,47
JAPURA,RECURSOS NATURAIS,AGRICULTURA,29
SAO SEBASTIAO DO UATUMA,SEGURANCA,SEGURANCA DO TRABALHO,51
TEFE,RECURSOS NATURAIS,AGROECOLOGIA,33
CAREIRO DA VARZEA,GESTAO E NEGOCIOS,ADMINISTRACAO,42
URUCURITUBA,SEGURANCA,SEGURANCA DO TRABALHO,54
APUI,CONTROLE E PROCESSOS INDUSTRIAIS,MECANICA,29
HUMAITA,RECURSOS NATURAIS,FLORESTAS,11
BARCELOS,CONTROLE E PROCESSOS INDUSTRIAIS,ELETROTECNICA,32
MAUES,AMBIENTE E SAUDE,ESTETICA,35
LABREA,RECURSOS NATURAIS,RECURSOS PESQUEIROS,45
COARI,CONTROLE E PROCESSOS INDUSTRIAIS,ELETROTECNICA,51
PARINTINS,INFORMACAO E COMUNICACAO,INFORMATICA,198
IRANDUBA,CONTROLE E PROCESSOS INDUSTRIAIS,MECANICA,22
MANAUS,AMBIENTE E SAUDE,HEMOTERAPIA,20
SANTO ANTONIO DO ICA,RECURSOS NATURAIS,RECURSOS PESQUEIROS,22
MANACAPURU,AMBIENTE E SAUDE,FARMACIA,21
BARREIRINHA,INFORMACAO E COMUNICACAO,INFORMATICA,25
URUCARA,DESENVOLVIMENTO EDUCACIONAL E SOCIAL,TRADUCAO E INTERPRETACAO DE LIBRAS,29
TABATINGA,CONTROLE E PROCESSOS INDUSTRIAIS,ELETROTECNICA,30
NOVA OLINDA DO NORTE,AMBIENTE E SAUDE,VIGILANCIA EM SAUDE,35
IRANDUBA,INFORMACAO E COMUNICACAO,INFORMATICA,102
AMATURA,AMBIENTE E SAUDE,ESTETICA,30
BARCELOS,AMBIENTE E SAUDE,ENFERMAGEM,40
ANAMA,INFORMACAO E COMUNICACAO,INFORMATICA,41
IRANDUBA,GESTAO E NEGOCIOS,SERVICOS JURIDICOS,46
PARINTINS,AMBIENTE E SAUDE,ENFERMAGEM,259
MANAUS,GESTAO E NEGOCIOS,SECRETARIADO,67
URUCURITUBA,AMBIENTE E SAUDE,MASSOTERAPIA,59
ATALAIA DO NORTE,AMBIENTE E SAUDE,MASSOTERAPIA,46
UARINI,CONTROLE E PROCESSOS INDUSTRIAIS,ELETROTECNICA,39
BOA VISTA DO RAMOS,RECURSOS NATURAIS,OUTROS  EIXO RECURSOS NATURAIS,24
CODAJAS,GESTAO E NEGOCIOS,SERVICOS JURIDICOS,39
MARAA,INFORMACAO E COMUNICACAO,MANUTENCAO E SUPORTE EM INFORMATICA,45
ENVIRA,PRODUCAO INDUSTRIAL,PETROLEO E GAS,54
URUCARA,PRODUCAO INDUSTRIAL,PETROLEO E GAS,44
MANAUS,AMBIENTE E SAUDE,ESTETICA,320
MANAUS,GESTAO E NEGOCIOS,LOGISTICA,323
CAREIRO,INFORMACAO E COMUNICACAO,MANUTENCAO E SUPORTE EM INFORMATICA,49
MANAUS,CONTROLE E PROCESSOS INDUSTRIAIS,MECATRONICA,966
PAUINI,AMBIENTE E SAUDE,ENFERMAGEM,86
TABATINGA,AMBIENTE E SAUDE,MEIO AMBIENTE,189
URUCARA,RECURSOS NATURAIS,ZOOTECNIA,47
EIRUNEPE,AMBIENTE E SAUDE,ENFERMAGEM,33
BORBA,GESTAO E NEGOCIOS,ADMINISTRACAO,57
URUCURITUBA,CONTROLE E PROCESSOS INDUSTRIAIS,REFRIGERACAO E CLIMATIZACAO,45
ITACOATIARA,TURISMO HOSPITALIDADE E LAZER,GASTRONOMIA,42
NOVO AIRAO,DESENVOLVIMENTO EDUCACIONAL E SOCIAL,TRADUCAO E INTERPRETACAO DE LIBRAS,32
MANAUS,GESTAO E NEGOCIOS,CONTABILIDADE,59
ITAPIRANGA,GESTAO E NEGOCIOS,ADMINISTRACAO,54
ENVIRA,AMBIENTE E SAUDE,MASSOTERAPIA,50
BERURI,RECURSOS NATURAIS,RECURSOS PESQUEIROS,35
BORBA,AMBIENTE E SAUDE,ENFERMAGEM,112
MANACAPURU,AMBIENTE E SAUDE,SAUDE BUCAL,21
MANAUS,AMBIENTE E SAUDE,RADIOLOGIA,764
TEFE,PRODUCAO CULTURAL E DESIGN,MULTIMIDIA,34
JUTAI,GESTAO E NEGOCIOS,FINANCAS,44
ANORI,GESTAO E NEGOCIOS,ADMINISTRACAO,45
SANTA ISABEL DO RIO NEGRO,AMBIENTE E SAUDE,SAUDE BUCAL,47
URUCURITUBA,GESTAO E NEGOCIOS,ADMINISTRACAO,95
CAAPIRANGA,AMBIENTE E SAUDE,VIGILANCIA EM SAUDE,36
MANAUS,CONTROLE E PROCESSOS INDUSTRIAIS,AUTOMACAO INDUSTRIAL,563
MAUES,AMBIENTE E SAUDE,AGENTE COMUNITARIO DE SAUDE,50
PARINTINS,RECURSOS NATURAIS,RECURSOS PESQUEIROS,76
HUMAITA,RECURSOS NATURAIS,RECURSOS PESQUEIROS,11
MAUES,INFORMACAO E COMUNICACAO,MANUTENCAO E SUPORTE EM INFORMATICA,27
MANAUS,GESTAO E NEGOCIOS,RECURSOS HUMANOS,192
JURUA,AMBIENTE E SAUDE,NUTRICAO E DIETETICA,28
PRESIDENTE FIGUEIREDO,GESTAO E NEGOCIOS,ADMINISTRACAO,163
MANAUS,GESTAO E NEGOCIOS,FINANCAS,5
SAO GABRIEL DA CACHOEIRA,INFORMACAO E COMUNICACAO,INFORMATICA,102
RIO PRETO DA EVA,CONTROLE E PROCESSOS INDUSTRIAIS,MECANICA,35
JUTAI,GESTAO E NEGOCIOS,RECURSOS HUMANOS,38
COARI,INFORMACAO E COMUNICACAO,INFORMATICA PARA INTERNET,116
HUMAITA,GESTAO E NEGOCIOS,ADMINISTRACAO,122
BARREIRINHA,GESTAO E NEGOCIOS,SERVICOS JURIDICOS,31
ALVARAES,AMBIENTE E SAUDE,ENFERMAGEM,27
NHAMUNDA,AMBIENTE E SAUDE,MASSOTERAPIA,43
PRESIDENTE FIGUEIREDO,RECURSOS NATURAIS,AGROPECUARIA,87
IPIXUNA,GESTAO E NEGOCIOS,RECURSOS HUMANOS,26
ANORI,GESTAO E NEGOCIOS,FINANCAS,45
JAPURA,SEGURANCA,SEGURANCA DO TRABALHO,31
PRESIDENTE FIGUEIREDO,TURISMO HOSPITALIDADE E LAZER,GUIA DE TURISMO,22
COARI,GESTAO E NEGOCIOS,RECURSOS HUMANOS,32
SAO PAULO DE OLIVENCA,AMBIENTE E SAUDE,ENFERMAGEM,28
HUMAITA,AMBIENTE E SAUDE,ENFERMAGEM,83
CAREIRO,GESTAO E NEGOCIOS,LOGISTICA,36
