CANUTAMA,4049
NOVO ARIPUANA,5871
TONANTINS,6811
SAO SEBASTIAO DO UATUMA,3108
ITACOATIARA,30077
EIRUNEPE,11657
LABREA,12744
BENJAMIN CONSTANT,14899
SILVES,3805
AMATURA,4215
ANORI,4343
TABATINGA,24427
BORBA,11767
ITAMARATI,4433
SAO PAULO DE OLIVENCA,13111
ATALAIA DO NORTE,7117
ENVIRA,5986
MANACAPURU,31352
JURUA,4246
CAREIRO DA VARZEA,5540
MARAA,7049
RIO PRETO DA EVA,8667
NOVO AIRAO,4727
GUAJARA,4299
BARCELOS,5501
COARI,22060
TAPAUA,6746
ITAPIRANGA,3536
SAO GABRIEL DA CACHOEIRA,19211
MANAUS,534425
IPIXUNA,5701
HUMAITA,14910
MANAQUIRI,5989
CARAUARI,9328
IRANDUBA,17384
ALVARAES,6643
SANTO ANTONIO DO ICA,11523
CAREIRO,11305
BARREIRINHA,13066
URUCARA,4663
PARINTINS,31425
FONTE BOA,9313
CAAPIRANGA,4096
NOVA OLINDA DO NORTE,10111
NHAMUNDA,5624
AUTAZES,12704
PRESIDENTE FIGUEIREDO,10923
BOA VISTA DO RAMOS,6458
BOCA DO ACRE,9359
MAUES,19390
TEFE,26643
BERURI,8178
ANAMA,3281
MANICORE,17270
PAUINI,5465
JAPURA,4000
CODAJAS,7029
URUCURITUBA,6203
UARINI,5830
APUI,4030
SANTA ISABEL DO RIO NEGRO,5254
JUTAI,10721
