NO_MUNICIPIO,PROJETOS_MTUR,PRINCIPAIS_ATIVIDADES_ECONOMICAS,PRINCIPAIS_ATIVIDADES_ECONOMICAS_AGRICULTURA_E_PECUARIA,PRINCIPAIS_ATIVIDADES_ECONOMICAS_TURISMO,PRINCIPAIS_ATIVIDADES_ECONOMICAS_OUTROS,PRINCIPAIS_ATIVIDADES_ECONOMICAS_SERVIÇOS,PRINCIPAIS_ATIVIDADES_ECONOMICAS_COMERCIO,PRINCIPAIS_ATIVIDADES_ECONOMICAS_INDUSTIA_DE_BASE,FUNDO_MUNICIPAL_TURISMO,PLANO_MUNICIPAL_TURISMO,PLANO_MKT_TURISMO,PROJETOS_ATIVIDADE_TURISTICA,HOSPEDAGEM_QT,LEITOS_QT,LOCADORAS_VEICULOS,AGENCIAS_BANCARIAS_QT,AEROPORTO,TIPOS_TRANSPORTE,TIPOS_TRANSPORTE_RODOVIARIO,TIPOS_TRANSPORTE_AQUAVIARIO,TIPOS_TRANSPORTE_AEREO,TIPOS_TRANSPORTE_OUTROS,ACESSO_DESTINO_TURISTICO,ACESSO_DESTINO_TURISTICO_HIDROVIA,ACESSO_DESTINO_TURISTICO_RODOVIA,ACESSO_DESTINO_TURISTICO_AEROPORTO,ACESSO_DESTINO_TURISTICO_FERROVIA,ACESSO_DESTINO_TURISTICO_OUTROS,SITUACAO_SINALIZACAO,ROTA_TURISTICA,INTERLIGACAO_ENTRE_ATRATIVOS,SINALIZACAO_ACESSIBILIDADE,RESERVA_ESPACO_ACESSIBILIDADE,PROFISSIONAIS_ACESSIBILIDADE,EMPRESAS_TURISMO_QT,TIPOS_PATRIMONIO_NATURAL,TIPOS_PATRIMONIO_NATURAL_PARQUES_NATURAIS,TIPOS_PATRIMONIO_NATURAL_UNIDADE_DE_CONSERVACAO,TIPOS_PATRIMONIO_NATURAL_RESERVAS_ECOLOGICAS,TIPOS_PATRIMONIO_NATURAL_OUTROS,UNIDADES_CONSERVACAO,TIPOS_PATRIMONIO_CULTURAL,PATRIMONIO_CULTURAL_HISTORICO,PATRIMONIO_CULTURAL_EQUIPAMENTOS,PATRIMONIO_CULTURAL_OUTROS,BARCOS_TURISMO,TURISMO_PESCA,TURISMO_MERGULHO
ATALAIA DO NORTE,SIM,AGRICULTURA E PECUARIA; TURISMO,1,1,0,0,0,0,SIM,NAO,NAO,NAO,9,348,,1,NAO,TRANSPORTE RODOVIARIO DE PASSAGEIROS: (TRANSPORTE RODOVIARIO COLETIVO DE PASSAGEIROS; ORGANIZACAO DE EXCURSOES EM VEICULOS RODOVIARIOS PROPRIOS; SERVICO DE TAXI E LOCACAO DE AUTOMOVEIS),1,0,0,0,HIDROVIA; RODOVIA,1,1,0,0,0,NAO TEM SINALIZACAO TURISTICA,SIM,NAO,NAO,NAO,NAO,15,PARQUES NATURAIS,1,0,0,0,NAO,OUTROS,0,0,1,NAO,SIM,NAO
BARCELOS,SIM,OUTROS; COMERCIO; TURISMO; SERVICOS,0,1,1,1,1,0,SIM,SIM,NAO,SIM,16,260,NAO,1,SIM,TRANSPORTE AQUAVIARIO: (CABOTAGEM; NAVEGACAO INTERIOR EM LINHAS REGULARES),0,1,0,0,HIDROVIA; AEROPORTO,1,0,1,0,0,PRECARIA,NAO,SIM,NAO,SIM,SIM,60,RESERVAS ECOLOGICAS; PARQUES NATURAIS; UNIDADE DE CONSERVACAO,1,1,1,0,SIM,HISTORICO: (EDIFICACOES TOMBADAS COM GENUINO FLUXO E INTERESSE TURISTICO E HISTORICO),1,0,0,SIM,SIM,NAO
BARREIRINHA,NAO,SERVICOS; AGRICULTURA E PECUARIA; COMERCIO; TURISMO; OUTROS,1,1,1,1,1,0,SIM,SIM,NAO,NAO,5,155,NAO,1,SIM,TRANSPORTE AQUAVIARIO: (CABOTAGEM; NAVEGACAO INTERIOR EM LINHAS REGULARES),0,1,0,0,OUTROS,0,0,0,0,1,NAO TEM SINALIZACAO TURISTICA,NAO,NAO,SIM,NAO,SIM,0,OUTROS,0,0,0,1,SIM,OUTROS,0,0,1,NAO,SIM,NAO
BENJAMIN CONSTANT,SIM,COMERCIO; AGRICULTURA E PECUARIA; SERVICOS,1,0,0,1,1,0,NAO,NAO,NAO,SIM,12,120,SIM,1,NAO,TRANSPORTE AQUAVIARIO: (CABOTAGEM; NAVEGACAO INTERIOR EM LINHAS REGULARES),0,1,0,0,RODOVIA,0,1,0,0,0,PRECARIA,SIM,NAO,SIM,SIM,NAO,15,PARQUES NATURAIS,1,0,0,0,NAO,EQUIPAMENTOS: (MUSEUS; PINACOTECAS; TEATROS; ANFITEATROS),0,1,0,SIM,SIM,NAO
BOA VISTA DO RAMOS,NAO,AGRICULTURA E PECUARIA; TURISMO; SERVICOS; COMERCIO,1,1,0,1,1,0,NAO,SIM,NAO,SIM,20,180,NAO,1,NAO,TRANSPORTE AQUAVIARIO: (CABOTAGEM; NAVEGACAO INTERIOR EM LINHAS REGULARES),0,1,0,0,HIDROVIA,1,0,0,0,0,NAO TEM SINALIZACAO TURISTICA,SIM,NAO,SIM,SIM,SIM,40,PARQUES NATURAIS; RESERVAS ECOLOGICAS,1,0,1,0,NAO,OUTROS,0,0,1,SIM,SIM,NAO
BORBA,SIM,COMERCIO; TURISMO; AGRICULTURA E PECUARIA; MANUFATURA; SERVICOS,1,1,0,1,1,0,NAO,NAO,NAO,NAO,10,152,NAO,1,SIM,TRANSPORTE AQUAVIARIO: (CABOTAGEM; NAVEGACAO INTERIOR EM LINHAS REGULARES),0,1,0,0,AEROPORTO; HIDROVIA,1,0,1,0,0,NAO TEM SINALIZACAO TURISTICA,SIM,NAO,SIM,SIM,SIM,22,UNIDADE DE CONSERVACAO; PARQUES NATURAIS,1,1,0,0,SIM,HISTORICO: (EDIFICACOES TOMBADAS COM GENUINO FLUXO E INTERESSE TURISTICO E HISTORICO),1,0,0,SIM,SIM,NAO
CAAPIRANGA,NAO,AGRICULTURA E PECUARIA; INDUSTRIA DE BASE; COMERCIO; SERVICOS; TURISMO,1,1,0,1,1,1,SIM,SIM,SIM,SIM,7,50,NAO,1,NAO,TRANSPORTE AQUAVIARIO: (CABOTAGEM; NAVEGACAO INTERIOR EM LINHAS REGULARES),0,1,0,0,HIDROVIA,1,0,0,0,0,NAO TEM SINALIZACAO TURISTICA,NAO,SIM,SIM,NAO,SIM,5,UNIDADE DE CONSERVACAO,0,1,0,0,NAO,OUTROS,0,0,1,SIM,SIM,NAO
CAREIRO,NAO,AGRICULTURA E PECUARIA; OUTROS; TURISMO; COMERCIO,1,1,1,0,1,0,SIM,NAO,NAO,SIM,50,706,NAO,1,NAO,TRANSPORTE RODOVIARIO DE PASSAGEIROS: (TRANSPORTE RODOVIARIO COLETIVO DE PASSAGEIROS; ORGANIZACAO DE EXCURSOES EM VEICULOS RODOVIARIOS PROPRIOS; SERVICO DE TAXI E LOCACAO DE AUTOMOVEIS),1,0,0,0,HIDROVIA; RODOVIA,1,1,0,0,0,NAO TEM SINALIZACAO TURISTICA,SIM,NAO,NAO,NAO,NAO,50,RESERVAS ECOLOGICAS; OUTROS; PARQUES NATURAIS,1,0,1,1,SIM,OUTROS,0,0,1,NAO,SIM,NAO
COARI,NAO,COMERCIO; AGRICULTURA E PECUARIA; TURISMO; SERVICOS,1,1,0,1,1,0,NAO,NAO,NAO,NAO,14,355,SIM,1,SIM,TRANSPORTE AEREO DE PASSAGEIROS: (DOMESTICA OU INTERNACIONAL E SIMILARES),0,0,1,0,AEROPORTO; HIDROVIA,1,0,1,0,0,PRECARIA,NAO,NAO,SIM,NAO,SIM,0,UNIDADE DE CONSERVACAO,0,1,0,0,NAO,OUTROS,0,0,1,SIM,SIM,NAO
HUMAITA,NAO,AGRICULTURA E PECUARIA; COMERCIO,1,0,0,0,1,0,SIM,SIM,NAO,SIM,289,603,SIM,1,SIM,TRANSPORTE RODOVIARIO DE PASSAGEIROS: (TRANSPORTE RODOVIARIO COLETIVO DE PASSAGEIROS; ORGANIZACAO DE EXCURSOES EM VEICULOS RODOVIARIOS PROPRIOS; SERVICO DE TAXI E LOCACAO DE AUTOMOVEIS),1,0,0,0,RODOVIA; HIDROVIA,1,1,0,0,0,NAO TEM SINALIZACAO TURISTICA,NAO,NAO,SIM,SIM,NAO,33,UNIDADE DE CONSERVACAO,0,1,0,0,NAO,HISTORICO: (EDIFICACOES TOMBADAS COM GENUINO FLUXO E INTERESSE TURISTICO E HISTORICO),1,0,0,NAO,SIM,NAO
IRANDUBA,SIM,SERVICOS; TURISMO; INDUSTRIA DE BASE; AGRICULTURA E PECUARIA; COMERCIO; MANUFATURA,1,1,0,1,1,1,NAO,SIM,NAO,SIM,22,850,NAO,1,NAO,TRANSPORTE RODOVIARIO DE PASSAGEIROS: (TRANSPORTE RODOVIARIO COLETIVO DE PASSAGEIROS; ORGANIZACAO DE EXCURSOES EM VEICULOS RODOVIARIOS PROPRIOS; SERVICO DE TAXI E LOCACAO DE AUTOMOVEIS),1,0,0,0,HIDROVIA; RODOVIA,1,1,0,0,0,BOA,SIM,NAO,NAO,SIM,SIM,200,RESERVAS ECOLOGICAS; PARQUES NATURAIS; UNIDADE DE CONSERVACAO,1,1,1,0,SIM,HISTORICO: (EDIFICACOES TOMBADAS COM GENUINO FLUXO E INTERESSE TURISTICO E HISTORICO),1,0,0,SIM,SIM,NAO
ITACOATIARA,NAO,COMERCIO; AGRICULTURA E PECUARIA,1,0,0,0,1,0,NAO,NAO,NAO,NAO,124,186,NAO,1,SIM,TRANSPORTE RODOVIARIO DE PASSAGEIROS: (TRANSPORTE RODOVIARIO COLETIVO DE PASSAGEIROS; ORGANIZACAO DE EXCURSOES EM VEICULOS RODOVIARIOS PROPRIOS; SERVICO DE TAXI E LOCACAO DE AUTOMOVEIS),1,0,0,0,RODOVIA,0,1,0,0,0,NAO TEM SINALIZACAO TURISTICA,NAO,NAO,SIM,NAO,NAO,50,OUTROS,0,0,0,1,NAO,HISTORICO: (EDIFICACOES TOMBADAS COM GENUINO FLUXO E INTERESSE TURISTICO E HISTORICO),1,0,0,SIM,NAO,NAO
MANACAPURU,SIM,TURISMO; AGRICULTURA E PECUARIA; SERVICOS,1,1,0,1,0,0,NAO,NAO,SIM,SIM,110,320,NAO,1,NAO,TRANSPORTE AQUAVIARIO: (CABOTAGEM; NAVEGACAO INTERIOR EM LINHAS REGULARES),0,1,0,0,HIDROVIA; RODOVIA,1,1,0,0,0,PRECARIA,NAO,NAO,NAO,SIM,SIM,25,UNIDADE DE CONSERVACAO,0,1,0,0,SIM,HISTORICO: (EDIFICACOES TOMBADAS COM GENUINO FLUXO E INTERESSE TURISTICO E HISTORICO),1,0,0,NAO,SIM,NAO
MANAQUIRI,NAO,AGRICULTURA E PECUARIA; TURISMO; COMERCIO; SERVICOS,1,1,0,1,1,0,NAO,NAO,NAO,SIM,6,100,NAO,1,NAO,TRANSPORTE AQUAVIARIO: (CABOTAGEM; NAVEGACAO INTERIOR EM LINHAS REGULARES),0,1,0,0,HIDROVIA,1,0,0,0,0,PRECARIA,NAO,NAO,SIM,SIM,SIM,10,RESERVAS ECOLOGICAS; PARQUES NATURAIS; UNIDADE DE CONSERVACAO,1,1,1,0,NAO,EQUIPAMENTOS: (MUSEUS; PINACOTECAS; TEATROS; ANFITEATROS); OUTROS,0,1,1,SIM,SIM,NAO
MANAUS,NAO,TURISMO; INDUSTRIA DE BASE; COMERCIO; SERVICOS,0,1,0,1,1,1,NAO,NAO,NAO,SIM,120,9100,SIM,1,SIM,TRANSPORTE AQUAVIARIO: (CABOTAGEM; NAVEGACAO INTERIOR EM LINHAS REGULARES),0,1,0,0,RODOVIA; HIDROVIA; AEROPORTO,1,1,1,0,0,BOA,NAO,SIM,SIM,SIM,SIM,970,OUTROS; PARQUES NATURAIS; RESERVAS ECOLOGICAS; UNIDADE DE CONSERVACAO,1,1,1,1,SIM,EQUIPAMENTOS: (MUSEUS; PINACOTECAS; TEATROS; ANFITEATROS); HISTORICO: (EDIFICACOES TOMBADAS COM GENUINO FLUXO E INTERESSE TURISTICO E HISTORICO),1,1,0,SIM,SIM,NAO
MAUES,NAO,INDUSTRIA DE BASE; AGRICULTURA E PECUARIA; COMERCIO; MANUFATURA; SERVICOS,1,0,0,1,1,1,SIM,SIM,NAO,SIM,24,750,SIM,1,SIM,TRANSPORTE AEREO DE PASSAGEIROS: (DOMESTICA OU INTERNACIONAL E SIMILARES),0,0,1,0,HIDROVIA; AEROPORTO,1,0,1,0,0,NAO TEM SINALIZACAO TURISTICA,NAO,NAO,SIM,SIM,SIM,12,UNIDADE DE CONSERVACAO; RESERVAS ECOLOGICAS,0,1,1,0,SIM,EQUIPAMENTOS: (MUSEUS; PINACOTECAS; TEATROS; ANFITEATROS),0,1,0,NAO,SIM,NAO
NHAMUNDA,SIM,COMERCIO; TURISMO; AGRICULTURA E PECUARIA,1,1,0,0,1,0,SIM,SIM,NAO,NAO,10,300,SIM,1,SIM,TRANSPORTE AQUAVIARIO: (CABOTAGEM; NAVEGACAO INTERIOR EM LINHAS REGULARES),0,1,0,0,HIDROVIA,1,0,0,0,0,NAO TEM SINALIZACAO TURISTICA,NAO,NAO,SIM,NAO,SIM,16,PARQUES NATURAIS,1,0,0,0,SIM,OUTROS,0,0,1,SIM,SIM,SIM
NOVO AIRAO,SIM,TURISMO; COMERCIO; AGRICULTURA E PECUARIA; SERVICOS,1,1,0,1,1,0,SIM,SIM,NAO,SIM,56,876,SIM,1,NAO,TRANSPORTE RODOVIARIO DE PASSAGEIROS: (TRANSPORTE RODOVIARIO COLETIVO DE PASSAGEIROS; ORGANIZACAO DE EXCURSOES EM VEICULOS RODOVIARIOS PROPRIOS; SERVICO DE TAXI E LOCACAO DE AUTOMOVEIS),1,0,0,0,RODOVIA,0,1,0,0,0,BOA,SIM,SIM,SIM,SIM,NAO,67,PARQUES NATURAIS; UNIDADE DE CONSERVACAO,1,1,0,0,SIM,HISTORICO: (EDIFICACOES TOMBADAS COM GENUINO FLUXO E INTERESSE TURISTICO E HISTORICO),1,0,0,SIM,NAO,NAO
NOVO ARIPUANA,NAO,AGRICULTURA E PECUARIA; SERVICOS; TURISMO,1,1,0,1,0,0,NAO,SIM,SIM,SIM,26,350,SIM,1,SIM,TRANSPORTE RODOVIARIO DE PASSAGEIROS: (TRANSPORTE RODOVIARIO COLETIVO DE PASSAGEIROS; ORGANIZACAO DE EXCURSOES EM VEICULOS RODOVIARIOS PROPRIOS; SERVICO DE TAXI E LOCACAO DE AUTOMOVEIS),1,0,0,0,AEROPORTO; HIDROVIA,1,0,1,0,0,BOA,SIM,SIM,SIM,SIM,SIM,26,UNIDADE DE CONSERVACAO; RESERVAS ECOLOGICAS; PARQUES NATURAIS,1,1,1,0,SIM,HISTORICO: (EDIFICACOES TOMBADAS COM GENUINO FLUXO E INTERESSE TURISTICO E HISTORICO),1,0,0,SIM,SIM,NAO
PARINTINS,SIM,AGRICULTURA E PECUARIA; TURISMO; COMERCIO; SERVICOS,1,1,0,1,1,0,SIM,SIM,NAO,SIM,95,1150,SIM,1,SIM,TRANSPORTE AQUAVIARIO: (CABOTAGEM; NAVEGACAO INTERIOR EM LINHAS REGULARES),0,1,0,0,AEROPORTO; HIDROVIA,1,0,1,0,0,PRECARIA,SIM,NAO,SIM,SIM,SIM,95,UNIDADE DE CONSERVACAO,0,1,0,0,SIM,HISTORICO: (EDIFICACOES TOMBADAS COM GENUINO FLUXO E INTERESSE TURISTICO E HISTORICO),1,0,0,SIM,SIM,NAO
PRESIDENTE FIGUEIREDO,NAO,SERVICOS; TURISMO; AGRICULTURA E PECUARIA; COMERCIO,1,1,0,1,1,0,SIM,SIM,SIM,SIM,70,3930,NAO,1,SIM,TRANSPORTE RODOVIARIO DE PASSAGEIROS: (TRANSPORTE RODOVIARIO COLETIVO DE PASSAGEIROS; ORGANIZACAO DE EXCURSOES EM VEICULOS RODOVIARIOS PROPRIOS; SERVICO DE TAXI E LOCACAO DE AUTOMOVEIS),1,0,0,0,AEROPORTO; RODOVIA; HIDROVIA,1,1,1,0,0,BOA,SIM,NAO,SIM,SIM,SIM,418,UNIDADE DE CONSERVACAO; RESERVAS ECOLOGICAS; PARQUES NATURAIS,1,1,1,0,SIM,EQUIPAMENTOS: (MUSEUS; PINACOTECAS; TEATROS; ANFITEATROS),0,1,0,SIM,SIM,SIM
RIO PRETO DA EVA,NAO,COMERCIO; AGRICULTURA E PECUARIA; SERVICOS; TURISMO; INDUSTRIA DE BASE,1,1,0,1,1,1,SIM,SIM,NAO,SIM,19,548,NAO,1,NAO,TRANSPORTE RODOVIARIO DE PASSAGEIROS: (TRANSPORTE RODOVIARIO COLETIVO DE PASSAGEIROS; ORGANIZACAO DE EXCURSOES EM VEICULOS RODOVIARIOS PROPRIOS; SERVICO DE TAXI E LOCACAO DE AUTOMOVEIS),1,0,0,0,RODOVIA,0,1,0,0,0,NAO TEM SINALIZACAO TURISTICA,NAO,NAO,SIM,NAO,NAO,48,UNIDADE DE CONSERVACAO,0,1,0,0,SIM,OUTROS,0,0,1,SIM,SIM,NAO
SAO GABRIEL DA CACHOEIRA,SIM,AGRICULTURA E PECUARIA; TURISMO; COMERCIO; SERVICOS,1,1,0,1,1,0,NAO,SIM,SIM,SIM,8,157,SIM,1,SIM,TRANSPORTE AQUAVIARIO: (CABOTAGEM; NAVEGACAO INTERIOR EM LINHAS REGULARES),0,1,0,0,AEROPORTO; HIDROVIA,1,0,1,0,0,BOA,SIM,SIM,SIM,SIM,NAO,10,RESERVAS ECOLOGICAS; PARQUES NATURAIS; OUTROS; UNIDADE DE CONSERVACAO,1,1,1,1,SIM,HISTORICO: (EDIFICACOES TOMBADAS COM GENUINO FLUXO E INTERESSE TURISTICO E HISTORICO); OUTROS,1,0,1,NAO,SIM,NAO
SAO SEBASTIAO DO UATUMA,SIM,AGRICULTURA E PECUARIA; COMERCIO; SERVICOS; TURISMO,1,1,0,1,1,0,SIM,NAO,NAO,NAO,93,237,SIM,1,NAO,TRANSPORTE AQUAVIARIO: (CABOTAGEM; NAVEGACAO INTERIOR EM LINHAS REGULARES),0,1,0,0,HIDROVIA,1,0,0,0,0,BOA,SIM,SIM,SIM,NAO,SIM,24,UNIDADE DE CONSERVACAO,0,1,0,0,SIM,OUTROS,0,0,1,NAO,SIM,NAO
TABATINGA,SIM,SERVICOS; TURISMO; COMERCIO,0,1,0,1,1,0,NAO,NAO,NAO,SIM,17,725,SIM,1,SIM,TRANSPORTE AEREO DE PASSAGEIROS: (DOMESTICA OU INTERNACIONAL E SIMILARES),0,0,1,0,OUTROS,0,0,0,0,1,NAO TEM SINALIZACAO TURISTICA,NAO,NAO,SIM,SIM,SIM,98,OUTROS,0,0,0,1,NAO,OUTROS,0,0,1,NAO,NAO,NAO
TEFE,NAO,SERVICOS; TURISMO; COMERCIO,0,1,0,1,1,0,NAO,NAO,NAO,SIM,23,736,SIM,1,SIM,TRANSPORTE AQUAVIARIO: (CABOTAGEM; NAVEGACAO INTERIOR EM LINHAS REGULARES),0,1,0,0,AEROPORTO; HIDROVIA,1,0,1,0,0,NAO TEM SINALIZACAO TURISTICA,SIM,NAO,SIM,SIM,NAO,26,UNIDADE DE CONSERVACAO,0,1,0,0,SIM,HISTORICO: (EDIFICACOES TOMBADAS COM GENUINO FLUXO E INTERESSE TURISTICO E HISTORICO),1,0,0,SIM,SIM,NAO
UARINI,NAO,OUTROS; TURISMO; AGRICULTURA E PECUARIA; COMERCIO; SERVICOS,1,1,1,1,1,0,NAO,NAO,NAO,NAO,10,80,NAO,1,NAO,TRANSPORTE AQUAVIARIO: (CABOTAGEM; NAVEGACAO INTERIOR EM LINHAS REGULARES),0,1,0,0,HIDROVIA,1,0,0,0,0,BOA,SIM,SIM,NAO,NAO,SIM,4,RESERVAS ECOLOGICAS,0,0,1,0,SIM,OUTROS,0,0,1,SIM,NAO,NAO
