Municipio [-],Codigo [-],Gentilico [-],Prefeito [2021],area Territorial - km² [2022],Populacao residente - pessoas [2022],Densidade demografica - hab/km² [2022],Escolarizacao <span>6 a 14 anos</span> - % [2010],IDHM <span>indice de desenvolvimento humano municipal</span> [2010],Mortalidade infantil - obitos por mil nascidos vivos [2022],Receitas realizadas - R$ (×1000) [2022],Despesas empenhadas - R$ (×1000) [2023],PIB per capita - R$ [2021]
Alvaraes,1300029,alvaraense,LUCENILDO DE SOUZA MACEDO,5923.461,15866,2.68,75.3,0.527,18.18,126092009.2,120203719.4,13255.22
Amatura,1300060,amaturaense,JOSE AUGUSTO BARROZO EUFRASIO,4754.109,10819,2.28,86.3,0.56,19.31,67775575.93,61081705.27,9960.76
Anama,1300086,anamaense,FRANCISCO NUNES BASTOS,2446.121,9962,4.07,93.6,0.594,16.67,70502744.3,67132685.85,9697.69
Anori,1300102,anoriense,REGINALDO NAZARE DA COSTA,6036.38,17194,2.85,84.9,0.561,8.4,104265369.5,91195024.71,11324.94
Apui,1300144,apuiense,MARCOS ANTONIO LISE,54240.545,20647,0.38,93.4,0.637,14.76,97176804.46,88420595.83,13096.89
Atalaia do Norte,1300201,atalaiense,DENIS LINDER ROJAS DE PAIVA,76507.617,15314,0.2,65.5,0.45,21.39,100213161.4,92454763.52,8862.72
Autazes,1300300,autazense,ANDRESON ADRIANO OLIVEIRA CAVALCANTE,7652.852,41564,5.43,94.6,0.577,21.03,246188080.9,183475186.9,12348.26
Barcelos,1300409,barcelense,EDSON DE PAULA RODRIGUES MENDES,122461.086,18834,0.15,64.7,0.5,17.95,104151475.6,92145921.82,8844.22
Barreirinha,1300508,barreirinhense,GLENIO JOSE MARQUES SEIXAS,5751.765,31051,5.4,97.5,0.574,9.82,172600903.9,161670844.6,10476.91
Benjamin Constant,1300607,benjamin-constantense,DAVID NUNES BEMERGUY,8705.441,37648,4.32,89.6,0.574,21.9,213308092.3,197733326,8664.03
Beruri,1300631,beruriense,MARIA LUCIR DOS SANTOS DE OLIVEIRA,17472.779,20718,1.19,90.4,0.506,19.72,113897313.1,106532016.7,10333.67
Boa Vista do Ramos,1300680,boa-vistense,ERALDO TRINDADE DA SILVA,2589.407,23785,9.19,95.9,0.565,7.27,104183199.3,102810974.3,9102.4
Boca do Acre,1300706,bocacrense,JOSE MARIA SILVA DA CRUZ,21938.583,35447,1.62,88,0.588,13.29,141575307.8,124720386,14668.9
Borba,1300805,borbense,SIMAO PEIXOTO LIMA,44236.184,33080,0.75,91.2,0.56,14.61,164038096.3,140540795.2,9500.35
Caapiranga,1300839,caapiranguense,FRANCISCO ANDRADE BRAZ,9455.539,13469,1.42,89.4,0.569,13.82,92762308.12,87497718.28,13194.94
Canutama,1300904,canutamense,JOSE ROBERTO TORRES DE PONTES,33642.732,16869,0.5,87.6,0.53,17.14,84482895.91,76310617.86,9656.23
Carauari,1301001,carauariense,BRUNO LUIS LITAIFF RAMALHO,25778.658,28742,1.11,90.2,0.549,13.91,151467139.3,122607610.5,12906.32
Careiro,1301100,careirense,NATHAN MACENA DE SOUZA,6096.212,30792,5.05,88.6,0.557,14.6,252444615.3,241276087.1,10180.17
Careiro da Varzea,1301159,careirense-da-varzea,PEDRO DUARTE GUEDES,2627.474,19637,7.47,94.8,0.568,-,111850731.1,102476015.7,13140.09
Coari,1301209,coariense,ADAIL JOSE FIGUEIREDO PINHEIRO,57970.768,70616,1.22,86.8,0.586,19.53,555708569,499088743.9,38982.37
Codajas,1301308,codajaense,ANTONIO FERREIRA DOS SANTOS,18700.713,23549,1.26,83.7,0.563,19.69,122067584.8,115276276.9,17917.73
Eirunepe,1301407,eirunepeense,RAYLAN BARROSO DE ALENCAR,14966.242,33170,2.22,90.7,0.563,36,191901239,182917484.8,15726.02
Envira,1301506,envirense,PAULO RUAN PORTELA MATTOS,7505.794,17186,2.29,83.9,0.509,32.07,94870971.82,84406749.88,10387.83
Fonte Boa,1301605,fonte-boense,GILBERTO FERREIRA LISBOA,12155.427,25871,2.13,84.8,0.53,12.66,145519370.3,139519074.1,13576.3
Guajara,1301654,guajaraense,ORDEAN GONZAGA DA SILVA,7583.534,13815,1.82,93.1,0.532,13.99,81274607.76,77792281.04,10313.51
Humaita,1301704,humaitaense,JOSE CIDENEI LOBO DO NASCIMENTO,33111.129,57473,1.74,90.4,0.605,14.04,231236140.5,235214380.8,15039.21
Ipixuna,1301803,ipixunense,MARIA DO SOCORRO DE PAULA OLIVEIRA,12109.779,24311,2.01,65.4,0.481,7.59,120744349.1,103670257.6,6945.94
Iranduba,1301852,irandubense,JOSE AUGUSTO FERRAZ DE LIMA,2216.817,61163,27.59,93.4,0.613,13.07,256973291.9,251140609.6,20150.9
Itacoatiara,1301902,itacoatiarense,MaRIO JORGE BOUEZ ABRAHIM,8891.906,103598,11.65,95.1,0.644,11.73,450752552.6,423913177.1,22590.61
Itamarati,1301951,itamaratiense,JOaO MEDEIROS CAMPELO,25260.429,10937,0.43,81,0.477,19.23,92212191.73,85682154.48,17438.6
Itapiranga,1302009,itapiranguense,DENISE DE FARIAS LIMA,4335.075,10162,2.34,95.1,0.654,5.65,75137384.49,65271893.57,16377.7
Japura,1302108,japuraense,VANILSO MONTEIRO DA SILVA,55827.203,8858,0.16,80.8,0.522,17.34,66753756.47,70448706.4,48893.98
Jurua,1302207,juruaense,JOSE MARIA RODRIGUES DA ROCHA JUNIOR,19442.548,10742,0.55,90.1,0.522,9.52,96826549.4,79003813.8,8910.85
Jutai,1302306,jutaiense,PEDRO MACARIO BARBOZA,69457.415,25172,0.36,88.4,0.516,15.71,146512991,146269078.1,19787.31
Labrea,1302405,labrense,GEAN CAMPOS DE BARROS,68262.68,45448,0.67,85.7,0.531,19.58,209105947,190476332.7,13111.01
Manacapuru,1302504,manacapuruense,BETANAEL DA SILVA DANGELO,7336.579,101883,13.89,92.3,0.614,14.33,561953084.9,529315707.1,15506.76
Manaquiri,1302553,manaquirense,JAIR AGUIAR SOUTO,3973.258,17107,4.31,95.5,0.596,13.11,113784767.3,102329367.3,9162.03
Manaus,1302603,manauara,DAVID ANTONIO ABISAI PEREIRA DE ALMEIDA,11401.092,2063689,181.01,94.2,0.737,13.6,8399373869,8163783716,45782.75
Manicore,1302702,manicoreense,LUCIO FLAVIO DO ROSARIO,48315.038,53914,1.12,90.3,0.582,21.21,274776400.1,277188997,11955.04
Maraa,1302801,maraaense,EDIR COSTA CASTELO BRANCO,16830.827,15529,0.92,86.5,0.498,11.73,103449526.7,100176263.9,9630.41
Maues,1302900,maueense,CARLOS ROBERTO DE OLIVEIRA JUNIOR,39991.066,61204,1.53,93.7,0.588,14.77,346646738.3,303794287.6,9005.98
Nhamunda,1303007,nhamundaense,RAIMUNDA MARINA BRITO PANDOLFO,14107.04,20136,1.43,94.1,0.586,23.6,139910105.2,120832040.6,9535.02
Nova Olinda do Norte,1303106,olindense,ADENILSON LIMA REIS,5578.132,27062,4.85,91.6,0.558,23.69,162003536.9,144615902.9,8836.21
Novo Airao,1303205,novo-airaoense,ROBERTO FREDERICO PAES JUNIOR,37776.77,15761,0.42,83.9,0.57,14.98,107046071.2,95661977.27,9146.03
Novo Aripuana,1303304,novo-aripuanaense,JOCIONE DOS SANTOS SOUZA,41179.656,23818,0.58,88,0.554,17.99,104892289.1,89982445.21,9545.89
Parintins,1303403,parintinense,FRANK LUIZ DA CUNHA GARCIA,5956.047,96372,16.18,93,0.658,18.2,380496487.2,374971703.9,12255.21
Pauini,1303502,pauiniense,RAIMUNDO RENATO RODRIGUES AFONSO,41624.664,19373,0.47,76.4,0.496,34.48,105447567.7,91466967.42,10172.38
Presidente Figueiredo,1303536,figueiredense,PATRICIA LOPES MIRANDA,25459.099,30668,1.2,91.1,0.647,10.68,341169351.9,308128496.9,27087.68
Rio Preto da Eva,1303569,rio-pretense,ANDERSON JOSE DE SOUSA,5815.622,24936,4.29,90.1,0.611,10.15,160769360.3,159982227.8,11680.8
Santa Isabel do Rio Negro,1303601,santa-isabelense,JOSe RIBAMAR FONTES BELEZA,62800.078,14164,0.23,51.8,0.479,24.39,115019656.8,102881005.2,6994.54
Santo Antonio do Ica,1303700,santoense,WALDER RIBEIRO DA COSTA,12366.214,28211,2.28,81.4,0.49,20.33,160968002.8,154826145.1,11360.72
Sao Gabriel da Cachoeira,1303809,sao-gabrielense,CLOVIS MOREIRA SALDANHA,109192.562,51795,0.47,89.4,0.609,30.95,199666844.5,189584594.5,8995.21
Sao Paulo de Olivenca,1303908,paulivense,NAZARENO SOUZA MARTINS,19658.502,32967,1.68,85.2,0.521,24.92,189777624.2,176176368.7,8182.07
Sao Sebastiao do Uatuma,1303957,uatumaense,JANDER PAES DE ALMEIDA,10647.463,11670,1.1,93.3,0.577,16.67,73954084.33,64297140.25,9307.06
Silves,1304005,silvense,RAIMUNDO PAULINO DE ALMEIDA GRANA,3723.382,11559,3.1,96.3,0.632,31.41,74898829.18,71507923.44,18843.97
Tabatinga,1304062,tabatinguense,SAUL NUNES BEMERGUY,3260.103,66764,20.48,91.2,0.616,19.13,330683385.5,296641499.4,11065.89
Tapaua,1304104,tapauense,GAMALIEL ANDRADE DE ALMEIDA,84946.035,19599,0.23,79.5,0.502,15.77,141411047.8,131448115.3,14218.05
Tefe,1304203,tefeense,NICSON MARREIRA LIMA,23692.223,73669,3.11,93.9,0.639,12.38,340091826.6,330556300.3,18538.27
Tonantins,1304237,tonantinense,FRANCISCO SALES DE OLIVEIRA,6446.894,19247,2.99,86.7,0.548,18.22,127333421.3,113386403,9738.96
Uarini,1304260,uarinense,ANTONIO WALDETRUDES UCHOA DE BRITO,10274.677,14431,1.4,90.7,0.527,20.59,88722986.75,85326764.62,16562.54
Urucara,1304302,urucaraense,ENRICO DE SOUZA FALABELLA,27901.962,18631,0.67,94.6,0.62,18.8,91945841.9,86149825.48,12847.86
Urucurituba,1304401,urucuritubense,JOSe CLAUDENOR DE CASTRO PONTES,2886.494,23945,8.3,93.4,0.588,19.67,103181439.2,109667718.4,9654.77