NO_MUNICIPIO,ANO_REF,UF,ESTADO,REGIAO,MICRORREGIAO,POP_TOTAL,Populacao Urbana,FAIXA_POP,DESC_FAIXA,AREA_KM2
Alvaraes,2019,AM,Amazonas,Norte,Tefe,16.041,8.980,1,1 - De 1 ate 30.000 hab.,5.883
Anori,2022,AM,Amazonas,Norte,Coari,17.194,,1,1 - De 1 ate 30.000 hab.,5.974
Apui,2022,AM,Amazonas,Norte,Madeira,20.647,,1,1 - De 1 ate 30.000 hab.,54.247
Apui,2021,AM,Amazonas,Norte,Madeira,22.739,13.379,1,1 - De 1 ate 30.000 hab.,54.247
Apui,2019,AM,Amazonas,Norte,Madeira,21.973,12.929,1,1 - De 1 ate 30.000 hab.,54.247
Apui,2018,AM,Amazonas,Norte,Madeira,21.583,12.699,1,1 - De 1 ate 30.000 hab.,54.247
Apui,2017,AM,Amazonas,Norte,Madeira,21.406,12.595,1,1 - De 1 ate 30.000 hab.,54.247
Atalaia do Norte,2022,AM,Amazonas,Norte,Alto Solimoes,15.314,,1,1 - De 1 ate 30.000 hab.,76.345
Atalaia do Norte,2021,AM,Amazonas,Norte,Alto Solimoes,20.868,9.493,1,1 - De 1 ate 30.000 hab.,76.345
Atalaia do Norte,2017,AM,Amazonas,Norte,Alto Solimoes,19.054,8.668,1,1 - De 1 ate 30.000 hab.,76.345
Autazes,2022,AM,Amazonas,Norte,Manaus,41.564,,2,2 - De 30.001 ate 100.000 hab.,7.599
Autazes,2021,AM,Amazonas,Norte,Manaus,41.005,17.728,2,2 - De 30.001 ate 100.000 hab.,7.599
Barcelos,2017,AM,Amazonas,Norte,Rio Negro,27.743,12.035,1,1 - De 1 ate 30.000 hab.,122.452
Barreirinha,2022,AM,Amazonas,Norte,Parintins,31.051,,2,2 - De 30.001 ate 100.000 hab.,5.751
Barreirinha,2021,AM,Amazonas,Norte,Parintins,32.919,14.944,2,2 - De 30.001 ate 100.000 hab.,5.751
Barreirinha,2020,AM,Amazonas,Norte,Parintins,32.483,14.746,2,2 - De 30.001 ate 100.000 hab.,5.751
Benjamin Constant,2022,AM,Amazonas,Norte,Alto Solimoes,37.648,,2,2 - De 30.001 ate 100.000 hab.,8.785
Benjamin Constant,2021,AM,Amazonas,Norte,Alto Solimoes,44.873,27.047,2,2 - De 30.001 ate 100.000 hab.,8.785
Benjamin Constant,2020,AM,Amazonas,Norte,Alto Solimoes,43.935,26.481,2,2 - De 30.001 ate 100.000 hab.,8.785
Benjamin Constant,2019,AM,Amazonas,Norte,Alto Solimoes,42.984,25.908,2,2 - De 30.001 ate 100.000 hab.,8.785
Benjamin Constant,2018,AM,Amazonas,Norte,Alto Solimoes,42.020,25.327,2,2 - De 30.001 ate 100.000 hab.,8.785
Benjamin Constant,2017,AM,Amazonas,Norte,Alto Solimoes,41.329,24.910,2,2 - De 30.001 ate 100.000 hab.,8.785
Beruri,2022,AM,Amazonas,Norte,Coari,20.718,,1,1 - De 1 ate 30.000 hab.,17.507
Beruri,2021,AM,Amazonas,Norte,Coari,20.503,10.298,1,1 - De 1 ate 30.000 hab.,17.507
Boa Vista do Ramos,2022,AM,Amazonas,Norte,Parintins,23.785,,1,1 - De 1 ate 30.000 hab.,2.587
Boa Vista do Ramos,2021,AM,Amazonas,Norte,Parintins,20.040,10.101,1,1 - De 1 ate 30.000 hab.,2.587
Boa Vista do Ramos,2020,AM,Amazonas,Norte,Parintins,19.626,9.892,1,1 - De 1 ate 30.000 hab.,2.587
Boa Vista do Ramos,2019,AM,Amazonas,Norte,Parintins,19.207,9.681,1,1 - De 1 ate 30.000 hab.,2.587
Boa Vista do Ramos,2017,AM,Amazonas,Norte,Parintins,18.483,9.316,1,1 - De 1 ate 30.000 hab.,2.587
Boca do Acre,2022,AM,Amazonas,Norte,Boca do Acre,35.447,,2,2 - De 30.001 ate 100.000 hab.,21.939
Boca do Acre,2018,AM,Amazonas,Norte,Boca do Acre,33.976,21.460,2,2 - De 30.001 ate 100.000 hab.,21.939
Boca do Acre,2017,AM,Amazonas,Norte,Boca do Acre,34.176,21.586,2,2 - De 30.001 ate 100.000 hab.,21.939
Borba,2022,AM,Amazonas,Norte,Madeira,33.080,,2,2 - De 30.001 ate 100.000 hab.,44.253
Borba,2021,AM,Amazonas,Norte,Madeira,42.328,17.476,2,2 - De 30.001 ate 100.000 hab.,44.253
Borba,2020,AM,Amazonas,Norte,Madeira,41.748,17.236,2,2 - De 30.001 ate 100.000 hab.,44.253
Borba,2019,AM,Amazonas,Norte,Madeira,41.161,16.994,2,2 - De 30.001 ate 100.000 hab.,44.253
Borba,2018,AM,Amazonas,Norte,Madeira,40.565,16.748,2,2 - De 30.001 ate 100.000 hab.,44.253
Borba,2017,AM,Amazonas,Norte,Madeira,40.464,16.706,2,2 - De 30.001 ate 100.000 hab.,44.253
Caapiranga,2022,AM,Amazonas,Norte,Coari,13.469,,1,1 - De 1 ate 30.000 hab.,9.457
Caapiranga,2021,AM,Amazonas,Norte,Coari,13.482,6.314,1,1 - De 1 ate 30.000 hab.,9.457
Canutama,2022,AM,Amazonas,Norte,Purus,16.869,,1,1 - De 1 ate 30.000 hab.,33.643
Canutama,2021,AM,Amazonas,Norte,Purus,15.981,8.383,1,1 - De 1 ate 30.000 hab.,33.643
Canutama,2020,AM,Amazonas,Norte,Purus,15.807,8.292,1,1 - De 1 ate 30.000 hab.,33.643
Carauari,2017,AM,Amazonas,Norte,Jurua,28.337,21.707,1,1 - De 1 ate 30.000 hab.,25.779
Careiro,2022,AM,Amazonas,Norte,Manaus,30.792,,2,2 - De 30.001 ate 100.000 hab.,6.092
Careiro,2021,AM,Amazonas,Norte,Manaus,38.820,11.192,2,2 - De 30.001 ate 100.000 hab.,6.092
Careiro da Varzea,2022,AM,Amazonas,Norte,Manaus,19.637,,1,1 - De 1 ate 30.000 hab.,2.631
Careiro da Varzea,2021,AM,Amazonas,Norte,Manaus,31.459,1.315,2,2 - De 30.001 ate 100.000 hab.,2.631
Coari,2022,AM,Amazonas,Norte,Coari,70.616,,2,2 - De 30.001 ate 100.000 hab.,57.976
Coari,2021,AM,Amazonas,Norte,Coari,86.713,56.676,2,2 - De 30.001 ate 100.000 hab.,57.976
Eirunepe,2022,AM,Amazonas,Norte,Jurua,33.170,,2,2 - De 30.001 ate 100.000 hab.,14.966
Eirunepe,2021,AM,Amazonas,Norte,Jurua,36.121,26.110,2,2 - De 30.001 ate 100.000 hab.,14.966
Eirunepe,2020,AM,Amazonas,Norte,Jurua,35.700,25.806,2,2 - De 30.001 ate 100.000 hab.,14.966
Eirunepe,2017,AM,Amazonas,Norte,Jurua,34.888,25.219,2,2 - De 30.001 ate 100.000 hab.,14.966
Envira,2022,AM,Amazonas,Norte,Jurua,17.186,,1,1 - De 1 ate 30.000 hab.,7.506
Envira,2021,AM,Amazonas,Norte,Jurua,20.748,13.400,1,1 - De 1 ate 30.000 hab.,7.506
Envira,2020,AM,Amazonas,Norte,Jurua,20.393,13.171,1,1 - De 1 ate 30.000 hab.,7.506
Envira,2019,AM,Amazonas,Norte,Jurua,20.033,12.938,1,1 - De 1 ate 30.000 hab.,7.506
Envira,2017,AM,Amazonas,Norte,Jurua,19.492,12.589,1,1 - De 1 ate 30.000 hab.,7.506
Guajara,2022,AM,Amazonas,Norte,Jurua,13.815,,1,1 - De 1 ate 30.000 hab.,7.584
Guajara,2021,AM,Amazonas,Norte,Jurua,17.193,9.138,1,1 - De 1 ate 30.000 hab.,7.584
Guajara,2020,AM,Amazonas,Norte,Jurua,16.937,9.002,1,1 - De 1 ate 30.000 hab.,7.584
Guajara,2019,AM,Amazonas,Norte,Jurua,16.678,8.864,1,1 - De 1 ate 30.000 hab.,7.584
Guajara,2018,AM,Amazonas,Norte,Jurua,16.416,8.725,1,1 - De 1 ate 30.000 hab.,7.584
Guajara,2017,AM,Amazonas,Norte,Jurua,16.339,8.684,1,1 - De 1 ate 30.000 hab.,7.584
Humaita,2022,AM,Amazonas,Norte,Madeira,57.473,,2,2 - De 30.001 ate 100.000 hab.,33.122
Humaita,2021,AM,Amazonas,Norte,Madeira,57.195,39.444,2,2 - De 30.001 ate 100.000 hab.,33.122
Humaita,2020,AM,Amazonas,Norte,Madeira,56.144,38.720,2,2 - De 30.001 ate 100.000 hab.,33.122
Ipixuna,2022,AM,Amazonas,Norte,Jurua,24.311,,1,1 - De 1 ate 30.000 hab.,12.110
Ipixuna,2021,AM,Amazonas,Norte,Jurua,31.172,13.306,2,2 - De 30.001 ate 100.000 hab.,12.110
Iranduba,2022,AM,Amazonas,Norte,Manaus,61.163,,2,2 - De 30.001 ate 100.000 hab.,2.214
Iranduba,2021,AM,Amazonas,Norte,Manaus,49.718,35.330,2,2 - De 30.001 ate 100.000 hab.,2.214
Itacoatiara,2022,AM,Amazonas,Norte,Itacoatiara,103.598,,3,3 - De 100.001 ate 250.000 hab.,8.892
Itacoatiara,2021,AM,Amazonas,Norte,Itacoatiara,104.046,69.681,3,3 - De 100.001 ate 250.000 hab.,8.892
Itacoatiara,2019,AM,Amazonas,Norte,Itacoatiara,101.337,67.866,3,3 - De 100.001 ate 250.000 hab.,8.892
Itamarati,2022,AM,Amazonas,Norte,Jurua,10.937,,1,1 - De 1 ate 30.000 hab.,25.260
Itamarati,2021,AM,Amazonas,Norte,Jurua,7.777,4.327,1,1 - De 1 ate 30.000 hab.,25.260
Itapiranga,2022,AM,Amazonas,Norte,Itacoatiara,10.162,,1,1 - De 1 ate 30.000 hab.,4.231
Japura,2022,AM,Amazonas,Norte,Japura,8.858,,1,1 - De 1 ate 30.000 hab.,55.827
Jurua,2022,AM,Amazonas,Norte,Jurua,10.742,,1,1 - De 1 ate 30.000 hab.,19.443
Jurua,2021,AM,Amazonas,Norte,Jurua,15.495,8.156,1,1 - De 1 ate 30.000 hab.,19.443
Jurua,2020,AM,Amazonas,Norte,Jurua,15.106,7.952,1,1 - De 1 ate 30.000 hab.,19.443
Labrea,2022,AM,Amazonas,Norte,Purus,45.448,,2,2 - De 30.001 ate 100.000 hab.,68.267
Labrea,2021,AM,Amazonas,Norte,Purus,47.685,30.618,2,2 - De 30.001 ate 100.000 hab.,68.267
Labrea,2020,AM,Amazonas,Norte,Purus,46.882,30.102,2,2 - De 30.001 ate 100.000 hab.,68.267
Labrea,2019,AM,Amazonas,Norte,Purus,46.069,29.580,2,2 - De 30.001 ate 100.000 hab.,68.267
Labrea,2018,AM,Amazonas,Norte,Purus,45.245,29.051,2,2 - De 30.001 ate 100.000 hab.,68.267
Labrea,2017,AM,Amazonas,Norte,Purus,44.861,28.804,2,2 - De 30.001 ate 100.000 hab.,68.267
Manacapuru,2022,AM,Amazonas,Norte,Manaus,101.883,,3,3 - De 100.001 ate 250.000 hab.,7.330
Manacapuru,2021,AM,Amazonas,Norte,Manaus,99.613,70.402,2,2 - De 30.001 ate 100.000 hab.,7.330
Manacapuru,2020,AM,Amazonas,Norte,Manaus,98.502,69.617,2,2 - De 30.001 ate 100.000 hab.,7.330
Manaquiri,2022,AM,Amazonas,Norte,Manaus,17.107,,1,1 - De 1 ate 30.000 hab.,3.976
Manaquiri,2021,AM,Amazonas,Norte,Manaus,33.981,10.525,2,2 - De 30.001 ate 100.000 hab.,3.976
Manaquiri,2020,AM,Amazonas,Norte,Manaus,33.049,10.236,2,2 - De 30.001 ate 100.000 hab.,3.976
Manaquiri,2019,AM,Amazonas,Norte,Manaus,32.105,9.944,2,2 - De 30.001 ate 100.000 hab.,3.976
Manaquiri,2018,AM,Amazonas,Norte,Manaus,31.147,9.647,2,2 - De 30.001 ate 100.000 hab.,3.976
Manaus,2022,AM,Amazonas,Norte,Manaus,2.063.689,,5,5 - De 1.000.001 ate 3.000.000 hab.,11.401
Manaus,2021,AM,Amazonas,Norte,Manaus,2.255.903,2.244.470,5,5 - De 1.000.001 ate 3.000.000 hab.,11.401
Manaus,2020,AM,Amazonas,Norte,Manaus,2.219.580,2.208.331,5,5 - De 1.000.001 ate 3.000.000 hab.,11.401
Manaus,2019,AM,Amazonas,Norte,Manaus,2.182.763,2.171.700,5,5 - De 1.000.001 ate 3.000.000 hab.,11.401
Manaus,2018,AM,Amazonas,Norte,Manaus,2.145.444,2.134.570,5,5 - De 1.000.001 ate 3.000.000 hab.,11.401
Manaus,2017,AM,Amazonas,Norte,Manaus,2.130.264,2.119.467,5,5 - De 1.000.001 ate 3.000.000 hab.,11.401
Manicore,2022,AM,Amazonas,Norte,Madeira,53.914,,2,2 - De 30.001 ate 100.000 hab.,48.293
Manicore,2021,AM,Amazonas,Norte,Madeira,57.405,24.845,2,2 - De 30.001 ate 100.000 hab.,48.293
Manicore,2020,AM,Amazonas,Norte,Madeira,56.583,24.489,2,2 - De 30.001 ate 100.000 hab.,48.293
Manicore,2019,AM,Amazonas,Norte,Madeira,55.751,24.129,2,2 - De 30.001 ate 100.000 hab.,48.293
Manicore,2018,AM,Amazonas,Norte,Madeira,54.907,23.764,2,2 - De 30.001 ate 100.000 hab.,48.293
Manicore,2017,AM,Amazonas,Norte,Madeira,54.708,23.678,2,2 - De 30.001 ate 100.000 hab.,48.293
Maues,2022,AM,Amazonas,Norte,Parintins,61.204,,2,2 - De 30.001 ate 100.000 hab.,39.987
Maues,2021,AM,Amazonas,Norte,Parintins,66.159,32.717,2,2 - De 30.001 ate 100.000 hab.,39.987
Maues,2020,AM,Amazonas,Norte,Parintins,65.040,32.164,2,2 - De 30.001 ate 100.000 hab.,39.987
Maues,2017,AM,Amazonas,Norte,Parintins,62.212,30.765,2,2 - De 30.001 ate 100.000 hab.,39.987
Nhamunda,2022,AM,Amazonas,Norte,Parintins,20.136,,1,1 - De 1 ate 30.000 hab.,14.106
Nhamunda,2021,AM,Amazonas,Norte,Parintins,21.710,8.326,1,1 - De 1 ate 30.000 hab.,14.106
Nhamunda,2020,AM,Amazonas,Norte,Parintins,21.443,8.224,1,1 - De 1 ate 30.000 hab.,14.106
Nhamunda,2018,AM,Amazonas,Norte,Parintins,20.899,8.015,1,1 - De 1 ate 30.000 hab.,14.106
Nhamunda,2017,AM,Amazonas,Norte,Parintins,20.902,8.016,1,1 - De 1 ate 30.000 hab.,14.106
Nova Olinda do Norte,2022,AM,Amazonas,Norte,Itacoatiara,27.062,,1,1 - De 1 ate 30.000 hab.,5.609
Nova Olinda do Norte,2021,AM,Amazonas,Norte,Itacoatiara,38.665,17.163,2,2 - De 30.001 ate 100.000 hab.,5.609
Nova Olinda do Norte,2018,AM,Amazonas,Norte,Itacoatiara,36.721,16.301,2,2 - De 30.001 ate 100.000 hab.,5.609
Novo Airao,2022,AM,Amazonas,Norte,Rio Negro,15.761,,1,1 - De 1 ate 30.000 hab.,37.796
Novo Airao,2021,AM,Amazonas,Norte,Rio Negro,20.395,13.158,1,1 - De 1 ate 30.000 hab.,37.796
Novo Airao,2020,AM,Amazonas,Norte,Rio Negro,19.928,12.857,1,1 - De 1 ate 30.000 hab.,37.796
Novo Aripuana,2022,AM,Amazonas,Norte,Madeira,23.818,,1,1 - De 1 ate 30.000 hab.,41.167
Novo Aripuana,2021,AM,Amazonas,Norte,Madeira,26.443,17.349,1,1 - De 1 ate 30.000 hab.,41.167
Parintins,2022,AM,Amazonas,Norte,Parintins,96.372,,2,2 - De 30.001 ate 100.000 hab.,5.952
Parintins,2021,AM,Amazonas,Norte,Parintins,116.439,79.758,3,3 - De 100.001 ate 250.000 hab.,5.952
Parintins,2020,AM,Amazonas,Norte,Parintins,115.363,79.021,3,3 - De 100.001 ate 250.000 hab.,5.952
Parintins,2019,AM,Amazonas,Norte,Parintins,114.273,78.274,3,3 - De 100.001 ate 250.000 hab.,5.952
Parintins,2017,AM,Amazonas,Norte,Parintins,113.832,77.972,3,3 - De 100.001 ate 250.000 hab.,5.952
Presidente Figueiredo,2022,AM,Amazonas,Norte,Rio Preto da Eva,30.668,,2,2 - De 30.001 ate 100.000 hab.,25.421
Presidente Figueiredo,2019,AM,Amazonas,Norte,Rio Preto da Eva,36.279,17.357,2,2 - De 30.001 ate 100.000 hab.,25.421
Presidente Figueiredo,2017,AM,Amazonas,Norte,Rio Preto da Eva,34.574,16.541,2,2 - De 30.001 ate 100.000 hab.,25.421
Rio Preto da Eva,2022,AM,Amazonas,Norte,Rio Preto da Eva,24.936,,1,1 - De 1 ate 30.000 hab.,5.813
Santa Isabel do Rio Negro,2021,AM,Amazonas,Norte,Rio Negro,26.566,10.037,1,1 - De 1 ate 30.000 hab.,62.800
Santa Isabel do Rio Negro,2020,AM,Amazonas,Norte,Rio Negro,25.865,9.772,1,1 - De 1 ate 30.000 hab.,62.800
Santo Antonio do Ica,2017,AM,Amazonas,Norte,Alto Solimoes,23.075,12.203,1,1 - De 1 ate 30.000 hab.,12.366
Sao Gabriel da Cachoeira,2022,AM,Amazonas,Norte,Rio Negro,51.795,,2,2 - De 30.001 ate 100.000 hab.,109.181
Sao Gabriel da Cachoeira,2021,AM,Amazonas,Norte,Rio Negro,47.031,23.647,2,2 - De 30.001 ate 100.000 hab.,109.181
Sao Gabriel da Cachoeira,2019,AM,Amazonas,Norte,Rio Negro,45.564,22.909,2,2 - De 30.001 ate 100.000 hab.,109.181
Sao Gabriel da Cachoeira,2018,AM,Amazonas,Norte,Rio Negro,44.816,22.533,2,2 - De 30.001 ate 100.000 hab.,109.181
Sao Gabriel da Cachoeira,2017,AM,Amazonas,Norte,Rio Negro,44.553,22.401,2,2 - De 30.001 ate 100.000 hab.,109.181
Sao Paulo de Olivenca,2022,AM,Amazonas,Norte,Alto Solimoes,32.967,,2,2 - De 30.001 ate 100.000 hab.,19.659
Sao Paulo de Olivenca,2021,AM,Amazonas,Norte,Alto Solimoes,40.837,18.537,2,2 - De 30.001 ate 100.000 hab.,19.659
Sao Paulo de Olivenca,2020,AM,Amazonas,Norte,Alto Solimoes,40.073,18.190,2,2 - De 30.001 ate 100.000 hab.,19.659
Sao Paulo de Olivenca,2019,AM,Amazonas,Norte,Alto Solimoes,39.299,17.839,2,2 - De 30.001 ate 100.000 hab.,19.659
Sao Paulo de Olivenca,2018,AM,Amazonas,Norte,Alto Solimoes,38.515,17.483,2,2 - De 30.001 ate 100.000 hab.,19.659
Sao Paulo de Olivenca,2017,AM,Amazonas,Norte,Alto Solimoes,38.047,17.270,2,2 - De 30.001 ate 100.000 hab.,19.659
Sao Sebastiao do Uatuma,2021,AM,Amazonas,Norte,Parintins,14.678,8.095,1,1 - De 1 ate 30.000 hab.,10.741
Sao Sebastiao do Uatuma,2020,AM,Amazonas,Norte,Parintins,14.352,7.915,1,1 - De 1 ate 30.000 hab.,10.741
Silves,2022,AM,Amazonas,Norte,Itacoatiara,11.559,,1,1 - De 1 ate 30.000 hab.,3.749
Silves,2021,AM,Amazonas,Norte,Itacoatiara,9.289,4.432,1,1 - De 1 ate 30.000 hab.,3.749
Silves,2020,AM,Amazonas,Norte,Itacoatiara,9.230,4.404,1,1 - De 1 ate 30.000 hab.,3.749
Silves,2019,AM,Amazonas,Norte,Itacoatiara,9.171,4.376,1,1 - De 1 ate 30.000 hab.,3.749
Silves,2018,AM,Amazonas,Norte,Itacoatiara,9.110,4.347,1,1 - De 1 ate 30.000 hab.,3.749
Silves,2017,AM,Amazonas,Norte,Itacoatiara,9.211,4.395,1,1 - De 1 ate 30.000 hab.,3.749
Tapaua,2021,AM,Amazonas,Norte,Purus,16.876,9.393,1,1 - De 1 ate 30.000 hab.,84.949
Tefe,2022,AM,Amazonas,Norte,Tefe,73.669,,2,2 - De 30.001 ate 100.000 hab.,23.733
Tefe,2021,AM,Amazonas,Norte,Tefe,59.250,48.274,2,2 - De 30.001 ate 100.000 hab.,23.733
Tonantins,2022,AM,Amazonas,Norte,Alto Solimoes,19.247,,1,1 - De 1 ate 30.000 hab.,6.447
Tonantins,2021,AM,Amazonas,Norte,Alto Solimoes,19.038,9.920,1,1 - De 1 ate 30.000 hab.,6.447
Tonantins,2020,AM,Amazonas,Norte,Alto Solimoes,18.897,9.846,1,1 - De 1 ate 30.000 hab.,6.447
Tonantins,2019,AM,Amazonas,Norte,Alto Solimoes,18.755,9.772,1,1 - De 1 ate 30.000 hab.,6.447
Tonantins,2018,AM,Amazonas,Norte,Alto Solimoes,18.610,9.697,1,1 - De 1 ate 30.000 hab.,6.447
Tonantins,2017,AM,Amazonas,Norte,Alto Solimoes,18.782,9.786,1,1 - De 1 ate 30.000 hab.,6.447
Urucara,2022,AM,Amazonas,Norte,Parintins,18.631,,1,1 - De 1 ate 30.000 hab.,27.905
Urucara,2021,AM,Amazonas,Norte,Parintins,16.007,9.257,1,1 - De 1 ate 30.000 hab.,27.905
Urucara,2020,AM,Amazonas,Norte,Parintins,16.130,9.328,1,1 - De 1 ate 30.000 hab.,27.905
Urucara,2019,AM,Amazonas,Norte,Parintins,16.256,9.401,1,1 - De 1 ate 30.000 hab.,27.905
Urucara,2018,AM,Amazonas,Norte,Parintins,16.383,9.475,1,1 - De 1 ate 30.000 hab.,27.905
Urucara,2017,AM,Amazonas,Norte,Parintins,16.968,9.813,1,1 - De 1 ate 30.000 hab.,27.905
Urucurituba,2022,AM,Amazonas,Norte,Itacoatiara,23.945,,1,1 - De 1 ate 30.000 hab.,2.907
Urucurituba,2021,AM,Amazonas,Norte,Itacoatiara,24.098,14.115,1,1 - De 1 ate 30.000 hab.,2.907
Urucurituba,2020,AM,Amazonas,Norte,Itacoatiara,23.585,13.815,1,1 - De 1 ate 30.000 hab.,2.907