NO_MUNICIPIO,SALARIO_MEDIO_MENSAL_SAL_MIN,POPULACAO_OCUPADA_PORC
ATALAIA DO NORTE,1.7,10.83
BARCELOS,1.5,6.99
BARREIRINHA,1.8,7.5
BENJAMIN CONSTANT,2,7.94
BOA VISTA DO RAMOS,1.6,8.42
BORBA,1.7,9.9
CAAPIRANGA,1.6,9.44
CAREIRO,1.9,5.61
COARI,2.6,13.7
HUMAITA,2,8.97
IRANDUBA,2,11.3
ITACOATIARA,2,13.09
MANACAPURU,1.8,11.1
MANAQUIRI,1.8,8.4
MANAUS,2.9,30.86
MAUES,1.7,7.29
NHAMUNDA,1.5,3.68
NOVO AIRAO,1.8,13.35
NOVO ARIPUANA,1.6,5.81
PARINTINS,1.7,9.85
PRESIDENTE FIGUEIREDO,3.3,19.25
RIO PRETO DA EVA,1.9,11.19
SAO GABRIEL DA CACHOEIRA,1.9,1.9
SAO SEBASTIAO DO UATUMA,1.8,7.03
TABATINGA,1.8,9.69
TEFE,1.7,4.65
UARINI,1.6,2.31